#0 building with "desktop-linux" instance using docker driver

#1 [internal] load build definition from Dockerfile
#1 transferring dockerfile: 1.68kB done
#1 DONE 0.0s

#2 resolve image config for docker-image://docker.io/docker/dockerfile:1.7
#2 DONE 2.6s

#3 docker-image://docker.io/docker/dockerfile:1.7@sha256:a57df69d0ea827fb7266491f2813635de6f17269be881f696fbfdf2d83dda33e
#3 resolve docker.io/docker/dockerfile:1.7@sha256:a57df69d0ea827fb7266491f2813635de6f17269be881f696fbfdf2d83dda33e 0.0s done
#3 CACHED

#4 [internal] load metadata for docker.io/library/php:8.4-fpm-alpine
#4 DONE 2.2s

#5 [internal] load metadata for docker.io/library/composer:2
#5 DONE 3.0s

#6 [stage-0 1/9] FROM docker.io/library/php:8.4-fpm-alpine@sha256:78cd8de9970a9cd6ff4d98860a94eb5bf37dd2d5776b4785562dbfad01c29d5a
#6 resolve docker.io/library/php:8.4-fpm-alpine@sha256:78cd8de9970a9cd6ff4d98860a94eb5bf37dd2d5776b4785562dbfad01c29d5a 0.0s done
#6 sha256:03a7044ee125aaf9fffbe1d45fde01761cdcb992fefdab192675af8a31d338fc 9.26kB / 9.26kB 0.7s done
#6 sha256:225e3d01e028d3afebc61b1fb4fbdf5ce2a11623773d326f82f1e14beb720a6b 22.26kB / 22.26kB 1.0s done
#6 sha256:9dcba45b84a54178938446f2eedfce32b78ee5f8d95f688d2ba3806aea79b75e 22.24kB / 22.24kB 1.4s done
#6 sha256:b6ce079b0f38b73ee4cff75485b3e6eaeef680189f81f6c3f4770eba8e5ee139 2.45kB / 2.45kB 1.6s done
#6 sha256:dee869a23462dd1fc2d0bc68089edf6d29fd123039e17650bf5f6037ac66173a 217B / 217B 0.7s done
#6 sha256:23fc01919fc2cfee5c86e604927dbd4b13bfca0d1f898c3fae5fb804cb78457b 488B / 488B 1.1s done
#6 sha256:0f864aaef8af02d3e35fa1138191d341e3fd38529e887244ad4d631b8dc40aab 933B / 933B 0.6s done
#6 sha256:850c04a82bca9b554a08dac5e9113268d2a88b51740105828ce6af33b38875fa 3.50MB / 3.50MB 12.4s done
#6 sha256:a9986cd6f37dbddae7862a6d4be71683472e7c2ea708e87db14f8a6393c00f00 4.19MB / 4.19MB 12.8s done
#6 extracting sha256:a9986cd6f37dbddae7862a6d4be71683472e7c2ea708e87db14f8a6393c00f00 0.1s done
#6 extracting sha256:850c04a82bca9b554a08dac5e9113268d2a88b51740105828ce6af33b38875fa 0.1s done
#6 extracting sha256:0f864aaef8af02d3e35fa1138191d341e3fd38529e887244ad4d631b8dc40aab done
#6 extracting sha256:dee869a23462dd1fc2d0bc68089edf6d29fd123039e17650bf5f6037ac66173a 0.0s done
#6 sha256:6fbb4173885e6a71d24558dd7beadb73b80eb3046fca89b2b436292660b0a87f 14.89MB / 14.89MB 16.7s done
#6 sha256:ec4d739c4a9d437ff66c161d25f43d5306f1c5404eb26b48fb308c641b1639be 13.81MB / 13.81MB 19.2s done
#6 extracting sha256:ec4d739c4a9d437ff66c161d25f43d5306f1c5404eb26b48fb308c641b1639be 0.0s done
#6 extracting sha256:23fc01919fc2cfee5c86e604927dbd4b13bfca0d1f898c3fae5fb804cb78457b done
#6 extracting sha256:6fbb4173885e6a71d24558dd7beadb73b80eb3046fca89b2b436292660b0a87f 0.2s done
#6 extracting sha256:b6ce079b0f38b73ee4cff75485b3e6eaeef680189f81f6c3f4770eba8e5ee139 done
#6 extracting sha256:9dcba45b84a54178938446f2eedfce32b78ee5f8d95f688d2ba3806aea79b75e done
#6 extracting sha256:225e3d01e028d3afebc61b1fb4fbdf5ce2a11623773d326f82f1e14beb720a6b done
#6 extracting sha256:4f4fb700ef54461cfa02571ae0db9a0dc1e0cdb5577484a6d75e68dc38e8acc1 done
#6 extracting sha256:03a7044ee125aaf9fffbe1d45fde01761cdcb992fefdab192675af8a31d338fc done
#6 DONE 21.4s

#7 [stage-0 2/9] WORKDIR /var/www/html
#7 DONE 0.1s

#8 FROM docker.io/library/composer:2@sha256:af98f42dfff7c68ba8d53c2164fd9fde1087b7d449514baa38c418b1f6bc4bac
#8 resolve docker.io/library/composer:2@sha256:af98f42dfff7c68ba8d53c2164fd9fde1087b7d449514baa38c418b1f6bc4bac 0.0s done
#8 sha256:8f93e79e67b5de778888c59ead312aaef0da09f43059c9e66778f3e8d3df1897 93B / 93B 0.5s done
#8 sha256:401d522dd02aa699f9702ecfbc3ccca16541896830f0cac073db68a80cbdcb56 420B / 420B 1.4s done
#8 sha256:6cd8f96f4f92ed84cfc2bd8da2c91d30996b0936a3f766b75384a3fbfc9acce4 257B / 257B 2.2s done
#8 sha256:32af5ccd6d514c64d7e32213b0b24c551213bbca3805eda6de63f5bf67c5e81a 1.08MB / 1.08MB 3.9s done
#8 sha256:865f7f701b0ddefe8fa117dc2fcf32a923b0dec36d2158d57c516dcf776cdce6 22.25kB / 22.25kB 1.2s done
#8 sha256:a525561b1df19b29d631469527b745dcf1d0194fee895e0a72b823e740b6fe58 2.45kB / 2.45kB 1.3s done
#8 sha256:d6b9e692cb141e08366990569e6ba3097a249311f03ddf41d9a6a040c4a4cd9b 488B / 488B 1.1s done
#8 sha256:9427ade1414a42ab903666341540c27d8a15c735112cdbfd7726e9ee138e7b37 217B / 217B 1.4s done
#8 sha256:efc2b6e44c0ef8a5a8a9dc07bf103381d72d58242d7be433283104adacebefe2 933B / 933B 0.5s done
#8 sha256:ae657c810d857f42caea6886f26bb96ac05588d6069b0742de58b7965d006b2d 3.50MB / 3.50MB 17.8s done
#8 extracting sha256:ae657c810d857f42caea6886f26bb96ac05588d6069b0742de58b7965d006b2d 0.1s done
#8 extracting sha256:efc2b6e44c0ef8a5a8a9dc07bf103381d72d58242d7be433283104adacebefe2 done
#8 extracting sha256:9427ade1414a42ab903666341540c27d8a15c735112cdbfd7726e9ee138e7b37 done
#8 sha256:e7927801ef13684ffb798299cb12794ea4a57b4c69496253f0d45bdd49838b42 22.01MB / 22.01MB 28.6s done
#8 sha256:9fc67fd9e4ddea8892a5185dd6e3be42d3e3f79290ee9ede14d62d1d3ff2507e 14.49MB / 14.49MB 25.9s done
#8 extracting sha256:9fc67fd9e4ddea8892a5185dd6e3be42d3e3f79290ee9ede14d62d1d3ff2507e 0.0s done
#8 extracting sha256:d6b9e692cb141e08366990569e6ba3097a249311f03ddf41d9a6a040c4a4cd9b done
#8 extracting sha256:e7927801ef13684ffb798299cb12794ea4a57b4c69496253f0d45bdd49838b42 0.4s done
#8 extracting sha256:a525561b1df19b29d631469527b745dcf1d0194fee895e0a72b823e740b6fe58 done
#8 extracting sha256:865f7f701b0ddefe8fa117dc2fcf32a923b0dec36d2158d57c516dcf776cdce6 0.0s done
#8 sha256:7cf0b7c02ee1309ad5657f2b957e6e7c71ceb40e4901ab3996c98446f79c14c4 32.10MB / 32.10MB 35.2s done
#8 extracting sha256:7cf0b7c02ee1309ad5657f2b957e6e7c71ceb40e4901ab3996c98446f79c14c4 0.4s done
#8 extracting sha256:6cd8f96f4f92ed84cfc2bd8da2c91d30996b0936a3f766b75384a3fbfc9acce4 done
#8 extracting sha256:32af5ccd6d514c64d7e32213b0b24c551213bbca3805eda6de63f5bf67c5e81a 0.0s done
#8 extracting sha256:401d522dd02aa699f9702ecfbc3ccca16541896830f0cac073db68a80cbdcb56 done
#8 extracting sha256:8f93e79e67b5de778888c59ead312aaef0da09f43059c9e66778f3e8d3df1897 0.0s done
#8 DONE 55.5s

#9 [stage-0  3/10] RUN apk add --no-cache         bash         curl         git         unzip         icu-dev         libzip-dev         libpng-dev         libjpeg-turbo-dev         freetype-dev         oniguruma-dev         libxml2-dev         postgresql16-dev         postgresql16-client     && docker-php-ext-configure gd --with-freetype --with-jpeg     && docker-php-ext-install -j"$(nproc)"         bcmath         exif         gd         intl         mbstring         opcache         pcntl         pdo         pdo_mysql         pdo_pgsql         pgsql         zip     && rm -rf /tmp/* /var/cache/apk/*
#9 504.0 yes
#9 504.0 checking for string.h... yes
#9 504.0 checking for inttypes.h... yes
#9 504.0 checking for stdint.h... yes
#9 504.0 checking for strings.h... yes
#9 504.0 checking for sys/stat.h... yes
#9 504.0 checking for sys/types.h... yes
#9 504.1 checking for unistd.h... yes
#9 504.1 checking for dlfcn.h... yes
#9 504.1 checking the maximum length of command line arguments... 98304
#9 504.1 checking command to parse /usr/bin/nm -B output from cc object... ok
#9 504.2 checking for objdir... .libs
#9 504.2 checking for ar... ar
#9 504.2 checking for ranlib... ranlib
#9 504.2 checking for strip... strip
#9 504.2 checking if cc supports -fno-rtti -fno-exceptions... no
#9 504.2 checking for cc option to produce PIC... -fPIC
#9 504.2 checking if cc PIC flag -fPIC works... yes
#9 504.3 checking if cc static flag -static works... yes
#9 504.3 checking if cc supports -c -o file.o... yes
#9 504.3 checking whether the cc linker (/usr/aarch64-alpine-linux-musl/bin/ld) supports shared libraries... yes
#9 504.3 checking whether -lc should be explicitly linked in... no
#9 504.3 checking dynamic linker characteristics... GNU/Linux ld.so
#9 504.3 checking how to hardcode library paths into programs... immediate
#9 504.3 checking whether stripping libraries is possible... yes
#9 504.3 checking if libtool supports shared libraries... yes
#9 504.3 checking whether to build shared libraries... yes
#9 504.3 checking whether to build static libraries... no
#9 504.4 
#9 504.4 creating libtool
#9 504.4 appending configuration tag "CXX" to libtool
#9 504.4 
#9 504.4 Generating files
#9 504.4 configure: creating build directories
#9 504.4 configure: creating Makefile
#9 504.4 configure: patching config.h.in
#9 504.4 configure: creating ./config.status
#9 504.5 config.status: creating config.h
#9 504.5 /bin/sh /usr/src/php/ext/opcache/libtool --tag=CC --mode=compile cc -I. -I/usr/src/php/ext/opcache -I/usr/local/include/php -I/usr/local/include/php/main -I/usr/local/include/php/TSRM -I/usr/local/include/php/Zend -I/usr/local/include/php/ext -I/usr/local/include/php/ext/date/lib  -fstack-protector-strong -fpic -fpie -O2 -D_LARGEFILE_SOURCE -D_FILE_OFFSET_BITS=64 -DHAVE_CONFIG_H  -fstack-protector-strong -fpic -fpie -O2 -D_LARGEFILE_SOURCE -D_FILE_OFFSET_BITS=64 -D_GNU_SOURCE   -DZEND_ENABLE_STATIC_TSRMLS_CACHE=1 -I./jit/ir -DIR_TARGET_AARCH64 -DIR_PHP -DZEND_COMPILE_DL_EXT=1 -c /usr/src/php/ext/opcache/shared_alloc_mmap.c -o shared_alloc_mmap.lo  -MMD -MF shared_alloc_mmap.dep -MT shared_alloc_mmap.lo
#9 504.5 /bin/sh /usr/src/php/ext/opcache/libtool --tag=CC --mode=compile cc -I. -I/usr/src/php/ext/opcache -I/usr/local/include/php -I/usr/local/include/php/main -I/usr/local/include/php/TSRM -I/usr/local/include/php/Zend -I/usr/local/include/php/ext -I/usr/local/include/php/ext/date/lib  -fstack-protector-strong -fpic -fpie -O2 -D_LARGEFILE_SOURCE -D_FILE_OFFSET_BITS=64 -DHAVE_CONFIG_H  -fstack-protector-strong -fpic -fpie -O2 -D_LARGEFILE_SOURCE -D_FILE_OFFSET_BITS=64 -D_GNU_SOURCE   -DZEND_ENABLE_STATIC_TSRMLS_CACHE=1 -I./jit/ir -DIR_TARGET_AARCH64 -DIR_PHP -DZEND_COMPILE_DL_EXT=1 -c /usr/src/php/ext/opcache/shared_alloc_posix.c -o shared_alloc_posix.lo  -MMD -MF shared_alloc_posix.dep -MT shared_alloc_posix.lo
#9 504.5 /bin/sh /usr/src/php/ext/opcache/libtool --tag=CC --mode=compile cc -I. -I/usr/src/php/ext/opcache -I/usr/local/include/php -I/usr/local/include/php/main -I/usr/local/include/php/TSRM -I/usr/local/include/php/Zend -I/usr/local/include/php/ext -I/usr/local/include/php/ext/date/lib  -fstack-protector-strong -fpic -fpie -O2 -D_LARGEFILE_SOURCE -D_FILE_OFFSET_BITS=64 -DHAVE_CONFIG_H  -fstack-protector-strong -fpic -fpie -O2 -D_LARGEFILE_SOURCE -D_FILE_OFFSET_BITS=64 -D_GNU_SOURCE   -DZEND_ENABLE_STATIC_TSRMLS_CACHE=1 -I./jit/ir -DIR_TARGET_AARCH64 -DIR_PHP -DZEND_COMPILE_DL_EXT=1 -c /usr/src/php/ext/opcache/shared_alloc_shm.c -o shared_alloc_shm.lo  -MMD -MF shared_alloc_shm.dep -MT shared_alloc_shm.lo
#9 504.5 /bin/sh /usr/src/php/ext/opcache/libtool --tag=CC --mode=compile cc -I. -I/usr/src/php/ext/opcache -I/usr/local/include/php -I/usr/local/include/php/main -I/usr/local/include/php/TSRM -I/usr/local/include/php/Zend -I/usr/local/include/php/ext -I/usr/local/include/php/ext/date/lib  -fstack-protector-strong -fpic -fpie -O2 -D_LARGEFILE_SOURCE -D_FILE_OFFSET_BITS=64 -DHAVE_CONFIG_H  -fstack-protector-strong -fpic -fpie -O2 -D_LARGEFILE_SOURCE -D_FILE_OFFSET_BITS=64 -D_GNU_SOURCE   -DZEND_ENABLE_STATIC_TSRMLS_CACHE=1 -I./jit/ir -DIR_TARGET_AARCH64 -DIR_PHP -DZEND_COMPILE_DL_EXT=1 -c /usr/src/php/ext/opcache/zend_accelerator_blacklist.c -o zend_accelerator_blacklist.lo  -MMD -MF zend_accelerator_blacklist.dep -MT zend_accelerator_blacklist.lo
#9 504.5 /bin/sh /usr/src/php/ext/opcache/libtool --tag=CC --mode=compile cc -I. -I/usr/src/php/ext/opcache -I/usr/local/include/php -I/usr/local/include/php/main -I/usr/local/include/php/TSRM -I/usr/local/include/php/Zend -I/usr/local/include/php/ext -I/usr/local/include/php/ext/date/lib  -fstack-protector-strong -fpic -fpie -O2 -D_LARGEFILE_SOURCE -D_FILE_OFFSET_BITS=64 -DHAVE_CONFIG_H  -fstack-protector-strong -fpic -fpie -O2 -D_LARGEFILE_SOURCE -D_FILE_OFFSET_BITS=64 -D_GNU_SOURCE   -DZEND_ENABLE_STATIC_TSRMLS_CACHE=1 -I./jit/ir -DIR_TARGET_AARCH64 -DIR_PHP -DZEND_COMPILE_DL_EXT=1 -c /usr/src/php/ext/opcache/zend_accelerator_debug.c -o zend_accelerator_debug.lo  -MMD -MF zend_accelerator_debug.dep -MT zend_accelerator_debug.lo
#9 504.5 /bin/sh /usr/src/php/ext/opcache/libtool --tag=CC --mode=compile cc -I. -I/usr/src/php/ext/opcache -I/usr/local/include/php -I/usr/local/include/php/main -I/usr/local/include/php/TSRM -I/usr/local/include/php/Zend -I/usr/local/include/php/ext -I/usr/local/include/php/ext/date/lib  -fstack-protector-strong -fpic -fpie -O2 -D_LARGEFILE_SOURCE -D_FILE_OFFSET_BITS=64 -DHAVE_CONFIG_H  -fstack-protector-strong -fpic -fpie -O2 -D_LARGEFILE_SOURCE -D_FILE_OFFSET_BITS=64 -D_GNU_SOURCE   -DZEND_ENABLE_STATIC_TSRMLS_CACHE=1 -I./jit/ir -DIR_TARGET_AARCH64 -DIR_PHP -DZEND_COMPILE_DL_EXT=1 -c /usr/src/php/ext/opcache/zend_accelerator_hash.c -o zend_accelerator_hash.lo  -MMD -MF zend_accelerator_hash.dep -MT zend_accelerator_hash.lo
#9 504.5 /bin/sh /usr/src/php/ext/opcache/libtool --tag=CC --mode=compile cc -I. -I/usr/src/php/ext/opcache -I/usr/local/include/php -I/usr/local/include/php/main -I/usr/local/include/php/TSRM -I/usr/local/include/php/Zend -I/usr/local/include/php/ext -I/usr/local/include/php/ext/date/lib  -fstack-protector-strong -fpic -fpie -O2 -D_LARGEFILE_SOURCE -D_FILE_OFFSET_BITS=64 -DHAVE_CONFIG_H  -fstack-protector-strong -fpic -fpie -O2 -D_LARGEFILE_SOURCE -D_FILE_OFFSET_BITS=64 -D_GNU_SOURCE   -DZEND_ENABLE_STATIC_TSRMLS_CACHE=1 -I./jit/ir -DIR_TARGET_AARCH64 -DIR_PHP -DZEND_COMPILE_DL_EXT=1 -c /usr/src/php/ext/opcache/zend_accelerator_module.c -o zend_accelerator_module.lo  -MMD -MF zend_accelerator_module.dep -MT zend_accelerator_module.lo
#9 504.5 /bin/sh /usr/src/php/ext/opcache/libtool --tag=CC --mode=compile cc -I. -I/usr/src/php/ext/opcache -I/usr/local/include/php -I/usr/local/include/php/main -I/usr/local/include/php/TSRM -I/usr/local/include/php/Zend -I/usr/local/include/php/ext -I/usr/local/include/php/ext/date/lib  -fstack-protector-strong -fpic -fpie -O2 -D_LARGEFILE_SOURCE -D_FILE_OFFSET_BITS=64 -DHAVE_CONFIG_H  -fstack-protector-strong -fpic -fpie -O2 -D_LARGEFILE_SOURCE -D_FILE_OFFSET_BITS=64 -D_GNU_SOURCE   -DZEND_ENABLE_STATIC_TSRMLS_CACHE=1 -I./jit/ir -DIR_TARGET_AARCH64 -DIR_PHP -DZEND_COMPILE_DL_EXT=1 -c /usr/src/php/ext/opcache/zend_accelerator_util_funcs.c -o zend_accelerator_util_funcs.lo  -MMD -MF zend_accelerator_util_funcs.dep -MT zend_accelerator_util_funcs.lo
#9 504.5 /bin/sh /usr/src/php/ext/opcache/libtool --tag=CC --mode=compile cc -I. -I/usr/src/php/ext/opcache -I/usr/local/include/php -I/usr/local/include/php/main -I/usr/local/include/php/TSRM -I/usr/local/include/php/Zend -I/usr/local/include/php/ext -I/usr/local/include/php/ext/date/lib  -fstack-protector-strong -fpic -fpie -O2 -D_LARGEFILE_SOURCE -D_FILE_OFFSET_BITS=64 -DHAVE_CONFIG_H  -fstack-protector-strong -fpic -fpie -O2 -D_LARGEFILE_SOURCE -D_FILE_OFFSET_BITS=64 -D_GNU_SOURCE   -DZEND_ENABLE_STATIC_TSRMLS_CACHE=1 -I./jit/ir -DIR_TARGET_AARCH64 -DIR_PHP -DZEND_COMPILE_DL_EXT=1 -c /usr/src/php/ext/opcache/zend_file_cache.c -o zend_file_cache.lo  -MMD -MF zend_file_cache.dep -MT zend_file_cache.lo
#9 504.5 /bin/sh /usr/src/php/ext/opcache/libtool --tag=CC --mode=compile cc -I. -I/usr/src/php/ext/opcache -I/usr/local/include/php -I/usr/local/include/php/main -I/usr/local/include/php/TSRM -I/usr/local/include/php/Zend -I/usr/local/include/php/ext -I/usr/local/include/php/ext/date/lib  -fstack-protector-strong -fpic -fpie -O2 -D_LARGEFILE_SOURCE -D_FILE_OFFSET_BITS=64 -DHAVE_CONFIG_H  -fstack-protector-strong -fpic -fpie -O2 -D_LARGEFILE_SOURCE -D_FILE_OFFSET_BITS=64 -D_GNU_SOURCE   -DZEND_ENABLE_STATIC_TSRMLS_CACHE=1 -I./jit/ir -DIR_TARGET_AARCH64 -DIR_PHP -DZEND_COMPILE_DL_EXT=1 -c /usr/src/php/ext/opcache/zend_persist_calc.c -o zend_persist_calc.lo  -MMD -MF zend_persist_calc.dep -MT zend_persist_calc.lo
#9 504.7 mkdir .libs
#9 504.7  cc -I. -I/usr/src/php/ext/opcache -I/usr/local/include/php -I/usr/local/include/php/main -I/usr/local/include/php/TSRM -I/usr/local/include/php/Zend -I/usr/local/include/php/ext -I/usr/local/include/php/ext/date/lib -fstack-protector-strong -fpic -fpie -O2 -D_LARGEFILE_SOURCE -D_FILE_OFFSET_BITS=64 -DHAVE_CONFIG_H -fstack-protector-strong -fpic -fpie -O2 -D_LARGEFILE_SOURCE -D_FILE_OFFSET_BITS=64 -D_GNU_SOURCE -DZEND_ENABLE_STATIC_TSRMLS_CACHE=1 -I./jit/ir -DIR_TARGET_AARCH64 -DIR_PHP -DZEND_COMPILE_DL_EXT=1 -c /usr/src/php/ext/opcache/zend_accelerator_blacklist.c -MMD -MF zend_accelerator_blacklist.dep -MT zend_accelerator_blacklist.lo  -fPIC -DPIC -o .libs/zend_accelerator_blacklist.o
#9 504.7  cc -I. -I/usr/src/php/ext/opcache -I/usr/local/include/php -I/usr/local/include/php/main -I/usr/local/include/php/TSRM -I/usr/local/include/php/Zend -I/usr/local/include/php/ext -I/usr/local/include/php/ext/date/lib -fstack-protector-strong -fpic -fpie -O2 -D_LARGEFILE_SOURCE -D_FILE_OFFSET_BITS=64 -DHAVE_CONFIG_H -fstack-protector-strong -fpic -fpie -O2 -D_LARGEFILE_SOURCE -D_FILE_OFFSET_BITS=64 -D_GNU_SOURCE -DZEND_ENABLE_STATIC_TSRMLS_CACHE=1 -I./jit/ir -DIR_TARGET_AARCH64 -DIR_PHP -DZEND_COMPILE_DL_EXT=1 -c /usr/src/php/ext/opcache/zend_accelerator_hash.c -MMD -MF zend_accelerator_hash.dep -MT zend_accelerator_hash.lo  -fPIC -DPIC -o .libs/zend_accelerator_hash.o
#9 504.7  cc -I. -I/usr/src/php/ext/opcache -I/usr/local/include/php -I/usr/local/include/php/main -I/usr/local/include/php/TSRM -I/usr/local/include/php/Zend -I/usr/local/include/php/ext -I/usr/local/include/php/ext/date/lib -fstack-protector-strong -fpic -fpie -O2 -D_LARGEFILE_SOURCE -D_FILE_OFFSET_BITS=64 -DHAVE_CONFIG_H -fstack-protector-strong -fpic -fpie -O2 -D_LARGEFILE_SOURCE -D_FILE_OFFSET_BITS=64 -D_GNU_SOURCE -DZEND_ENABLE_STATIC_TSRMLS_CACHE=1 -I./jit/ir -DIR_TARGET_AARCH64 -DIR_PHP -DZEND_COMPILE_DL_EXT=1 -c /usr/src/php/ext/opcache/shared_alloc_shm.c -MMD -MF shared_alloc_shm.dep -MT shared_alloc_shm.lo  -fPIC -DPIC -o .libs/shared_alloc_shm.o
#9 504.7  cc -I. -I/usr/src/php/ext/opcache -I/usr/local/include/php -I/usr/local/include/php/main -I/usr/local/include/php/TSRM -I/usr/local/include/php/Zend -I/usr/local/include/php/ext -I/usr/local/include/php/ext/date/lib -fstack-protector-strong -fpic -fpie -O2 -D_LARGEFILE_SOURCE -D_FILE_OFFSET_BITS=64 -DHAVE_CONFIG_H -fstack-protector-strong -fpic -fpie -O2 -D_LARGEFILE_SOURCE -D_FILE_OFFSET_BITS=64 -D_GNU_SOURCE -DZEND_ENABLE_STATIC_TSRMLS_CACHE=1 -I./jit/ir -DIR_TARGET_AARCH64 -DIR_PHP -DZEND_COMPILE_DL_EXT=1 -c /usr/src/php/ext/opcache/shared_alloc_mmap.c -MMD -MF shared_alloc_mmap.dep -MT shared_alloc_mmap.lo  -fPIC -DPIC -o .libs/shared_alloc_mmap.o
#9 504.7  cc -I. -I/usr/src/php/ext/opcache -I/usr/local/include/php -I/usr/local/include/php/main -I/usr/local/include/php/TSRM -I/usr/local/include/php/Zend -I/usr/local/include/php/ext -I/usr/local/include/php/ext/date/lib -fstack-protector-strong -fpic -fpie -O2 -D_LARGEFILE_SOURCE -D_FILE_OFFSET_BITS=64 -DHAVE_CONFIG_H -fstack-protector-strong -fpic -fpie -O2 -D_LARGEFILE_SOURCE -D_FILE_OFFSET_BITS=64 -D_GNU_SOURCE -DZEND_ENABLE_STATIC_TSRMLS_CACHE=1 -I./jit/ir -DIR_TARGET_AARCH64 -DIR_PHP -DZEND_COMPILE_DL_EXT=1 -c /usr/src/php/ext/opcache/zend_accelerator_debug.c -MMD -MF zend_accelerator_debug.dep -MT zend_accelerator_debug.lo  -fPIC -DPIC -o .libs/zend_accelerator_debug.o
#9 504.7  cc -I. -I/usr/src/php/ext/opcache -I/usr/local/include/php -I/usr/local/include/php/main -I/usr/local/include/php/TSRM -I/usr/local/include/php/Zend -I/usr/local/include/php/ext -I/usr/local/include/php/ext/date/lib -fstack-protector-strong -fpic -fpie -O2 -D_LARGEFILE_SOURCE -D_FILE_OFFSET_BITS=64 -DHAVE_CONFIG_H -fstack-protector-strong -fpic -fpie -O2 -D_LARGEFILE_SOURCE -D_FILE_OFFSET_BITS=64 -D_GNU_SOURCE -DZEND_ENABLE_STATIC_TSRMLS_CACHE=1 -I./jit/ir -DIR_TARGET_AARCH64 -DIR_PHP -DZEND_COMPILE_DL_EXT=1 -c /usr/src/php/ext/opcache/shared_alloc_posix.c -MMD -MF shared_alloc_posix.dep -MT shared_alloc_posix.lo  -fPIC -DPIC -o .libs/shared_alloc_posix.o
#9 504.7  cc -I. -I/usr/src/php/ext/opcache -I/usr/local/include/php -I/usr/local/include/php/main -I/usr/local/include/php/TSRM -I/usr/local/include/php/Zend -I/usr/local/include/php/ext -I/usr/local/include/php/ext/date/lib -fstack-protector-strong -fpic -fpie -O2 -D_LARGEFILE_SOURCE -D_FILE_OFFSET_BITS=64 -DHAVE_CONFIG_H -fstack-protector-strong -fpic -fpie -O2 -D_LARGEFILE_SOURCE -D_FILE_OFFSET_BITS=64 -D_GNU_SOURCE -DZEND_ENABLE_STATIC_TSRMLS_CACHE=1 -I./jit/ir -DIR_TARGET_AARCH64 -DIR_PHP -DZEND_COMPILE_DL_EXT=1 -c /usr/src/php/ext/opcache/zend_accelerator_module.c -MMD -MF zend_accelerator_module.dep -MT zend_accelerator_module.lo  -fPIC -DPIC -o .libs/zend_accelerator_module.o
#9 504.7  cc -I. -I/usr/src/php/ext/opcache -I/usr/local/include/php -I/usr/local/include/php/main -I/usr/local/include/php/TSRM -I/usr/local/include/php/Zend -I/usr/local/include/php/ext -I/usr/local/include/php/ext/date/lib -fstack-protector-strong -fpic -fpie -O2 -D_LARGEFILE_SOURCE -D_FILE_OFFSET_BITS=64 -DHAVE_CONFIG_H -fstack-protector-strong -fpic -fpie -O2 -D_LARGEFILE_SOURCE -D_FILE_OFFSET_BITS=64 -D_GNU_SOURCE -DZEND_ENABLE_STATIC_TSRMLS_CACHE=1 -I./jit/ir -DIR_TARGET_AARCH64 -DIR_PHP -DZEND_COMPILE_DL_EXT=1 -c /usr/src/php/ext/opcache/zend_file_cache.c -MMD -MF zend_file_cache.dep -MT zend_file_cache.lo  -fPIC -DPIC -o .libs/zend_file_cache.o
#9 504.7  cc -I. -I/usr/src/php/ext/opcache -I/usr/local/include/php -I/usr/local/include/php/main -I/usr/local/include/php/TSRM -I/usr/local/include/php/Zend -I/usr/local/include/php/ext -I/usr/local/include/php/ext/date/lib -fstack-protector-strong -fpic -fpie -O2 -D_LARGEFILE_SOURCE -D_FILE_OFFSET_BITS=64 -DHAVE_CONFIG_H -fstack-protector-strong -fpic -fpie -O2 -D_LARGEFILE_SOURCE -D_FILE_OFFSET_BITS=64 -D_GNU_SOURCE -DZEND_ENABLE_STATIC_TSRMLS_CACHE=1 -I./jit/ir -DIR_TARGET_AARCH64 -DIR_PHP -DZEND_COMPILE_DL_EXT=1 -c /usr/src/php/ext/opcache/zend_accelerator_util_funcs.c -MMD -MF zend_accelerator_util_funcs.dep -MT zend_accelerator_util_funcs.lo  -fPIC -DPIC -o .libs/zend_accelerator_util_funcs.o
#9 504.8  cc -I. -I/usr/src/php/ext/opcache -I/usr/local/include/php -I/usr/local/include/php/main -I/usr/local/include/php/TSRM -I/usr/local/include/php/Zend -I/usr/local/include/php/ext -I/usr/local/include/php/ext/date/lib -fstack-protector-strong -fpic -fpie -O2 -D_LARGEFILE_SOURCE -D_FILE_OFFSET_BITS=64 -DHAVE_CONFIG_H -fstack-protector-strong -fpic -fpie -O2 -D_LARGEFILE_SOURCE -D_FILE_OFFSET_BITS=64 -D_GNU_SOURCE -DZEND_ENABLE_STATIC_TSRMLS_CACHE=1 -I./jit/ir -DIR_TARGET_AARCH64 -DIR_PHP -DZEND_COMPILE_DL_EXT=1 -c /usr/src/php/ext/opcache/zend_persist_calc.c -MMD -MF zend_persist_calc.dep -MT zend_persist_calc.lo  -fPIC -DPIC -o .libs/zend_persist_calc.o
#9 505.3 /bin/sh /usr/src/php/ext/opcache/libtool --tag=CC --mode=compile cc -I. -I/usr/src/php/ext/opcache -I/usr/local/include/php -I/usr/local/include/php/main -I/usr/local/include/php/TSRM -I/usr/local/include/php/Zend -I/usr/local/include/php/ext -I/usr/local/include/php/ext/date/lib  -fstack-protector-strong -fpic -fpie -O2 -D_LARGEFILE_SOURCE -D_FILE_OFFSET_BITS=64 -DHAVE_CONFIG_H  -fstack-protector-strong -fpic -fpie -O2 -D_LARGEFILE_SOURCE -D_FILE_OFFSET_BITS=64 -D_GNU_SOURCE   -DZEND_ENABLE_STATIC_TSRMLS_CACHE=1 -I./jit/ir -DIR_TARGET_AARCH64 -DIR_PHP -DZEND_COMPILE_DL_EXT=1 -c /usr/src/php/ext/opcache/zend_persist.c -o zend_persist.lo  -MMD -MF zend_persist.dep -MT zend_persist.lo
#9 505.3 /bin/sh /usr/src/php/ext/opcache/libtool --tag=CC --mode=compile cc -I. -I/usr/src/php/ext/opcache -I/usr/local/include/php -I/usr/local/include/php/main -I/usr/local/include/php/TSRM -I/usr/local/include/php/Zend -I/usr/local/include/php/ext -I/usr/local/include/php/ext/date/lib  -fstack-protector-strong -fpic -fpie -O2 -D_LARGEFILE_SOURCE -D_FILE_OFFSET_BITS=64 -DHAVE_CONFIG_H  -fstack-protector-strong -fpic -fpie -O2 -D_LARGEFILE_SOURCE -D_FILE_OFFSET_BITS=64 -D_GNU_SOURCE   -DZEND_ENABLE_STATIC_TSRMLS_CACHE=1 -I./jit/ir -DIR_TARGET_AARCH64 -DIR_PHP -DZEND_COMPILE_DL_EXT=1 -c /usr/src/php/ext/opcache/zend_shared_alloc.c -o zend_shared_alloc.lo  -MMD -MF zend_shared_alloc.dep -MT zend_shared_alloc.lo
#9 505.3 /bin/sh /usr/src/php/ext/opcache/libtool --tag=CC --mode=compile cc -I. -I/usr/src/php/ext/opcache -I/usr/local/include/php -I/usr/local/include/php/main -I/usr/local/include/php/TSRM -I/usr/local/include/php/Zend -I/usr/local/include/php/ext -I/usr/local/include/php/ext/date/lib  -fstack-protector-strong -fpic -fpie -O2 -D_LARGEFILE_SOURCE -D_FILE_OFFSET_BITS=64 -DHAVE_CONFIG_H  -fstack-protector-strong -fpic -fpie -O2 -D_LARGEFILE_SOURCE -D_FILE_OFFSET_BITS=64 -D_GNU_SOURCE   -DZEND_ENABLE_STATIC_TSRMLS_CACHE=1 -I./jit/ir -DIR_TARGET_AARCH64 -DIR_PHP -DZEND_COMPILE_DL_EXT=1 -c /usr/src/php/ext/opcache/ZendAccelerator.c -o ZendAccelerator.lo  -MMD -MF ZendAccelerator.dep -MT ZendAccelerator.lo
#9 505.5  cc -I. -I/usr/src/php/ext/opcache -I/usr/local/include/php -I/usr/local/include/php/main -I/usr/local/include/php/TSRM -I/usr/local/include/php/Zend -I/usr/local/include/php/ext -I/usr/local/include/php/ext/date/lib -fstack-protector-strong -fpic -fpie -O2 -D_LARGEFILE_SOURCE -D_FILE_OFFSET_BITS=64 -DHAVE_CONFIG_H -fstack-protector-strong -fpic -fpie -O2 -D_LARGEFILE_SOURCE -D_FILE_OFFSET_BITS=64 -D_GNU_SOURCE -DZEND_ENABLE_STATIC_TSRMLS_CACHE=1 -I./jit/ir -DIR_TARGET_AARCH64 -DIR_PHP -DZEND_COMPILE_DL_EXT=1 -c /usr/src/php/ext/opcache/zend_shared_alloc.c -MMD -MF zend_shared_alloc.dep -MT zend_shared_alloc.lo  -fPIC -DPIC -o .libs/zend_shared_alloc.o
#9 505.5 /bin/sh /usr/src/php/ext/opcache/libtool --tag=CC --mode=compile cc -I. -I/usr/src/php/ext/opcache -I/usr/local/include/php -I/usr/local/include/php/main -I/usr/local/include/php/TSRM -I/usr/local/include/php/Zend -I/usr/local/include/php/ext -I/usr/local/include/php/ext/date/lib  -fstack-protector-strong -fpic -fpie -O2 -D_LARGEFILE_SOURCE -D_FILE_OFFSET_BITS=64 -DHAVE_CONFIG_H  -fstack-protector-strong -fpic -fpie -O2 -D_LARGEFILE_SOURCE -D_FILE_OFFSET_BITS=64 -D_GNU_SOURCE   -DZEND_ENABLE_STATIC_TSRMLS_CACHE=1 -I./jit/ir -DIR_TARGET_AARCH64 -DIR_PHP -DZEND_COMPILE_DL_EXT=1 -c /usr/src/php/ext/opcache/jit/ir/ir_cfg.c -o jit/ir/ir_cfg.lo  -MMD -MF jit/ir/ir_cfg.dep -MT jit/ir/ir_cfg.lo
#9 505.6  cc -I. -I/usr/src/php/ext/opcache -I/usr/local/include/php -I/usr/local/include/php/main -I/usr/local/include/php/TSRM -I/usr/local/include/php/Zend -I/usr/local/include/php/ext -I/usr/local/include/php/ext/date/lib -fstack-protector-strong -fpic -fpie -O2 -D_LARGEFILE_SOURCE -D_FILE_OFFSET_BITS=64 -DHAVE_CONFIG_H -fstack-protector-strong -fpic -fpie -O2 -D_LARGEFILE_SOURCE -D_FILE_OFFSET_BITS=64 -D_GNU_SOURCE -DZEND_ENABLE_STATIC_TSRMLS_CACHE=1 -I./jit/ir -DIR_TARGET_AARCH64 -DIR_PHP -DZEND_COMPILE_DL_EXT=1 -c /usr/src/php/ext/opcache/zend_persist.c -MMD -MF zend_persist.dep -MT zend_persist.lo  -fPIC -DPIC -o .libs/zend_persist.o
#9 505.6 /bin/sh /usr/src/php/ext/opcache/libtool --tag=CC --mode=compile cc -I. -I/usr/src/php/ext/opcache -I/usr/local/include/php -I/usr/local/include/php/main -I/usr/local/include/php/TSRM -I/usr/local/include/php/Zend -I/usr/local/include/php/ext -I/usr/local/include/php/ext/date/lib  -fstack-protector-strong -fpic -fpie -O2 -D_LARGEFILE_SOURCE -D_FILE_OFFSET_BITS=64 -DHAVE_CONFIG_H  -fstack-protector-strong -fpic -fpie -O2 -D_LARGEFILE_SOURCE -D_FILE_OFFSET_BITS=64 -D_GNU_SOURCE   -DZEND_ENABLE_STATIC_TSRMLS_CACHE=1 -I./jit/ir -DIR_TARGET_AARCH64 -DIR_PHP -DZEND_COMPILE_DL_EXT=1 -c /usr/src/php/ext/opcache/jit/ir/ir_check.c -o jit/ir/ir_check.lo  -MMD -MF jit/ir/ir_check.dep -MT jit/ir/ir_check.lo
#9 505.6 /bin/sh /usr/src/php/ext/opcache/libtool --tag=CC --mode=compile cc -I. -I/usr/src/php/ext/opcache -I/usr/local/include/php -I/usr/local/include/php/main -I/usr/local/include/php/TSRM -I/usr/local/include/php/Zend -I/usr/local/include/php/ext -I/usr/local/include/php/ext/date/lib  -fstack-protector-strong -fpic -fpie -O2 -D_LARGEFILE_SOURCE -D_FILE_OFFSET_BITS=64 -DHAVE_CONFIG_H  -fstack-protector-strong -fpic -fpie -O2 -D_LARGEFILE_SOURCE -D_FILE_OFFSET_BITS=64 -D_GNU_SOURCE   -DZEND_ENABLE_STATIC_TSRMLS_CACHE=1 -I./jit/ir -DIR_TARGET_AARCH64 -DIR_PHP -DZEND_COMPILE_DL_EXT=1 -c /usr/src/php/ext/opcache/jit/ir/ir_dump.c -o jit/ir/ir_dump.lo  -MMD -MF jit/ir/ir_dump.dep -MT jit/ir/ir_dump.lo
#9 505.6  cc -I. -I/usr/src/php/ext/opcache -I/usr/local/include/php -I/usr/local/include/php/main -I/usr/local/include/php/TSRM -I/usr/local/include/php/Zend -I/usr/local/include/php/ext -I/usr/local/include/php/ext/date/lib -fstack-protector-strong -fpic -fpie -O2 -D_LARGEFILE_SOURCE -D_FILE_OFFSET_BITS=64 -DHAVE_CONFIG_H -fstack-protector-strong -fpic -fpie -O2 -D_LARGEFILE_SOURCE -D_FILE_OFFSET_BITS=64 -D_GNU_SOURCE -DZEND_ENABLE_STATIC_TSRMLS_CACHE=1 -I./jit/ir -DIR_TARGET_AARCH64 -DIR_PHP -DZEND_COMPILE_DL_EXT=1 -c /usr/src/php/ext/opcache/ZendAccelerator.c -MMD -MF ZendAccelerator.dep -MT ZendAccelerator.lo  -fPIC -DPIC -o .libs/ZendAccelerator.o
#9 505.7 cc /usr/src/php/ext/opcache/jit/ir/dynasm/minilua.c -lm -o jit/ir/minilua
#9 505.8 /bin/sh /usr/src/php/ext/opcache/libtool --tag=CC --mode=compile cc -I. -I/usr/src/php/ext/opcache -I/usr/local/include/php -I/usr/local/include/php/main -I/usr/local/include/php/TSRM -I/usr/local/include/php/Zend -I/usr/local/include/php/ext -I/usr/local/include/php/ext/date/lib  -fstack-protector-strong -fpic -fpie -O2 -D_LARGEFILE_SOURCE -D_FILE_OFFSET_BITS=64 -DHAVE_CONFIG_H  -fstack-protector-strong -fpic -fpie -O2 -D_LARGEFILE_SOURCE -D_FILE_OFFSET_BITS=64 -D_GNU_SOURCE   -DZEND_ENABLE_STATIC_TSRMLS_CACHE=1 -I./jit/ir -DIR_TARGET_AARCH64 -DIR_PHP -DZEND_COMPILE_DL_EXT=1 -c /usr/src/php/ext/opcache/jit/ir/ir_gcm.c -o jit/ir/ir_gcm.lo  -MMD -MF jit/ir/ir_gcm.dep -MT jit/ir/ir_gcm.lo
#9 505.8 mkdir jit/ir/.libs
#9 505.8  cc -I. -I/usr/src/php/ext/opcache -I/usr/local/include/php -I/usr/local/include/php/main -I/usr/local/include/php/TSRM -I/usr/local/include/php/Zend -I/usr/local/include/php/ext -I/usr/local/include/php/ext/date/lib -fstack-protector-strong -fpic -fpie -O2 -D_LARGEFILE_SOURCE -D_FILE_OFFSET_BITS=64 -DHAVE_CONFIG_H -fstack-protector-strong -fpic -fpie -O2 -D_LARGEFILE_SOURCE -D_FILE_OFFSET_BITS=64 -D_GNU_SOURCE -DZEND_ENABLE_STATIC_TSRMLS_CACHE=1 -I./jit/ir -DIR_TARGET_AARCH64 -DIR_PHP -DZEND_COMPILE_DL_EXT=1 -c /usr/src/php/ext/opcache/jit/ir/ir_cfg.c -MMD -MF jit/ir/ir_cfg.dep -MT jit/ir/ir_cfg.lo  -fPIC -DPIC -o jit/ir/.libs/ir_cfg.o
#9 505.9  cc -I. -I/usr/src/php/ext/opcache -I/usr/local/include/php -I/usr/local/include/php/main -I/usr/local/include/php/TSRM -I/usr/local/include/php/Zend -I/usr/local/include/php/ext -I/usr/local/include/php/ext/date/lib -fstack-protector-strong -fpic -fpie -O2 -D_LARGEFILE_SOURCE -D_FILE_OFFSET_BITS=64 -DHAVE_CONFIG_H -fstack-protector-strong -fpic -fpie -O2 -D_LARGEFILE_SOURCE -D_FILE_OFFSET_BITS=64 -D_GNU_SOURCE -DZEND_ENABLE_STATIC_TSRMLS_CACHE=1 -I./jit/ir -DIR_TARGET_AARCH64 -DIR_PHP -DZEND_COMPILE_DL_EXT=1 -c /usr/src/php/ext/opcache/jit/ir/ir_dump.c -MMD -MF jit/ir/ir_dump.dep -MT jit/ir/ir_dump.lo  -fPIC -DPIC -o jit/ir/.libs/ir_dump.o
#9 506.0  cc -I. -I/usr/src/php/ext/opcache -I/usr/local/include/php -I/usr/local/include/php/main -I/usr/local/include/php/TSRM -I/usr/local/include/php/Zend -I/usr/local/include/php/ext -I/usr/local/include/php/ext/date/lib -fstack-protector-strong -fpic -fpie -O2 -D_LARGEFILE_SOURCE -D_FILE_OFFSET_BITS=64 -DHAVE_CONFIG_H -fstack-protector-strong -fpic -fpie -O2 -D_LARGEFILE_SOURCE -D_FILE_OFFSET_BITS=64 -D_GNU_SOURCE -DZEND_ENABLE_STATIC_TSRMLS_CACHE=1 -I./jit/ir -DIR_TARGET_AARCH64 -DIR_PHP -DZEND_COMPILE_DL_EXT=1 -c /usr/src/php/ext/opcache/jit/ir/ir_check.c -MMD -MF jit/ir/ir_check.dep -MT jit/ir/ir_check.lo  -fPIC -DPIC -o jit/ir/.libs/ir_check.o
#9 506.4 /bin/sh /usr/src/php/ext/opcache/libtool --tag=CC --mode=compile cc -I. -I/usr/src/php/ext/opcache -I/usr/local/include/php -I/usr/local/include/php/main -I/usr/local/include/php/TSRM -I/usr/local/include/php/Zend -I/usr/local/include/php/ext -I/usr/local/include/php/ext/date/lib  -fstack-protector-strong -fpic -fpie -O2 -D_LARGEFILE_SOURCE -D_FILE_OFFSET_BITS=64 -DHAVE_CONFIG_H  -fstack-protector-strong -fpic -fpie -O2 -D_LARGEFILE_SOURCE -D_FILE_OFFSET_BITS=64 -D_GNU_SOURCE   -DZEND_ENABLE_STATIC_TSRMLS_CACHE=1 -I./jit/ir -DIR_TARGET_AARCH64 -DIR_PHP -DZEND_COMPILE_DL_EXT=1 -c /usr/src/php/ext/opcache/jit/ir/ir_gdb.c -o jit/ir/ir_gdb.lo  -MMD -MF jit/ir/ir_gdb.dep -MT jit/ir/ir_gdb.lo
#9 506.6  cc -I. -I/usr/src/php/ext/opcache -I/usr/local/include/php -I/usr/local/include/php/main -I/usr/local/include/php/TSRM -I/usr/local/include/php/Zend -I/usr/local/include/php/ext -I/usr/local/include/php/ext/date/lib -fstack-protector-strong -fpic -fpie -O2 -D_LARGEFILE_SOURCE -D_FILE_OFFSET_BITS=64 -DHAVE_CONFIG_H -fstack-protector-strong -fpic -fpie -O2 -D_LARGEFILE_SOURCE -D_FILE_OFFSET_BITS=64 -D_GNU_SOURCE -DZEND_ENABLE_STATIC_TSRMLS_CACHE=1 -I./jit/ir -DIR_TARGET_AARCH64 -DIR_PHP -DZEND_COMPILE_DL_EXT=1 -c /usr/src/php/ext/opcache/jit/ir/ir_gcm.c -MMD -MF jit/ir/ir_gcm.dep -MT jit/ir/ir_gcm.lo  -fPIC -DPIC -o jit/ir/.libs/ir_gcm.o
#9 506.9 /bin/sh /usr/src/php/ext/opcache/libtool --tag=CC --mode=compile cc -I. -I/usr/src/php/ext/opcache -I/usr/local/include/php -I/usr/local/include/php/main -I/usr/local/include/php/TSRM -I/usr/local/include/php/Zend -I/usr/local/include/php/ext -I/usr/local/include/php/ext/date/lib  -fstack-protector-strong -fpic -fpie -O2 -D_LARGEFILE_SOURCE -D_FILE_OFFSET_BITS=64 -DHAVE_CONFIG_H  -fstack-protector-strong -fpic -fpie -O2 -D_LARGEFILE_SOURCE -D_FILE_OFFSET_BITS=64 -D_GNU_SOURCE   -DZEND_ENABLE_STATIC_TSRMLS_CACHE=1 -I./jit/ir -DIR_TARGET_AARCH64 -DIR_PHP -DZEND_COMPILE_DL_EXT=1 -c /usr/src/php/ext/opcache/jit/ir/ir_patch.c -o jit/ir/ir_patch.lo  -MMD -MF jit/ir/ir_patch.dep -MT jit/ir/ir_patch.lo
#9 506.9 /bin/sh /usr/src/php/ext/opcache/libtool --tag=CC --mode=compile cc -I. -I/usr/src/php/ext/opcache -I/usr/local/include/php -I/usr/local/include/php/main -I/usr/local/include/php/TSRM -I/usr/local/include/php/Zend -I/usr/local/include/php/ext -I/usr/local/include/php/ext/date/lib  -fstack-protector-strong -fpic -fpie -O2 -D_LARGEFILE_SOURCE -D_FILE_OFFSET_BITS=64 -DHAVE_CONFIG_H  -fstack-protector-strong -fpic -fpie -O2 -D_LARGEFILE_SOURCE -D_FILE_OFFSET_BITS=64 -D_GNU_SOURCE   -DZEND_ENABLE_STATIC_TSRMLS_CACHE=1 -I./jit/ir -DIR_TARGET_AARCH64 -DIR_PHP -DZEND_COMPILE_DL_EXT=1 -c /usr/src/php/ext/opcache/jit/ir/ir_perf.c -o jit/ir/ir_perf.lo  -MMD -MF jit/ir/ir_perf.dep -MT jit/ir/ir_perf.lo
#9 507.0  cc -I. -I/usr/src/php/ext/opcache -I/usr/local/include/php -I/usr/local/include/php/main -I/usr/local/include/php/TSRM -I/usr/local/include/php/Zend -I/usr/local/include/php/ext -I/usr/local/include/php/ext/date/lib -fstack-protector-strong -fpic -fpie -O2 -D_LARGEFILE_SOURCE -D_FILE_OFFSET_BITS=64 -DHAVE_CONFIG_H -fstack-protector-strong -fpic -fpie -O2 -D_LARGEFILE_SOURCE -D_FILE_OFFSET_BITS=64 -D_GNU_SOURCE -DZEND_ENABLE_STATIC_TSRMLS_CACHE=1 -I./jit/ir -DIR_TARGET_AARCH64 -DIR_PHP -DZEND_COMPILE_DL_EXT=1 -c /usr/src/php/ext/opcache/jit/ir/ir_gdb.c -MMD -MF jit/ir/ir_gdb.dep -MT jit/ir/ir_gdb.lo  -fPIC -DPIC -o jit/ir/.libs/ir_gdb.o
#9 507.4 /bin/sh /usr/src/php/ext/opcache/libtool --tag=CC --mode=compile cc -I. -I/usr/src/php/ext/opcache -I/usr/local/include/php -I/usr/local/include/php/main -I/usr/local/include/php/TSRM -I/usr/local/include/php/Zend -I/usr/local/include/php/ext -I/usr/local/include/php/ext/date/lib  -fstack-protector-strong -fpic -fpie -O2 -D_LARGEFILE_SOURCE -D_FILE_OFFSET_BITS=64 -DHAVE_CONFIG_H  -fstack-protector-strong -fpic -fpie -O2 -D_LARGEFILE_SOURCE -D_FILE_OFFSET_BITS=64 -D_GNU_SOURCE   -DZEND_ENABLE_STATIC_TSRMLS_CACHE=1 -I./jit/ir -DIR_TARGET_AARCH64 -DIR_PHP -DZEND_COMPILE_DL_EXT=1 -c /usr/src/php/ext/opcache/jit/ir/ir_ra.c -o jit/ir/ir_ra.lo  -MMD -MF jit/ir/ir_ra.dep -MT jit/ir/ir_ra.lo
#9 507.4  cc -I. -I/usr/src/php/ext/opcache -I/usr/local/include/php -I/usr/local/include/php/main -I/usr/local/include/php/TSRM -I/usr/local/include/php/Zend -I/usr/local/include/php/ext -I/usr/local/include/php/ext/date/lib -fstack-protector-strong -fpic -fpie -O2 -D_LARGEFILE_SOURCE -D_FILE_OFFSET_BITS=64 -DHAVE_CONFIG_H -fstack-protector-strong -fpic -fpie -O2 -D_LARGEFILE_SOURCE -D_FILE_OFFSET_BITS=64 -D_GNU_SOURCE -DZEND_ENABLE_STATIC_TSRMLS_CACHE=1 -I./jit/ir -DIR_TARGET_AARCH64 -DIR_PHP -DZEND_COMPILE_DL_EXT=1 -c /usr/src/php/ext/opcache/jit/ir/ir_perf.c -MMD -MF jit/ir/ir_perf.dep -MT jit/ir/ir_perf.lo  -fPIC -DPIC -o jit/ir/.libs/ir_perf.o
#9 507.4  cc -I. -I/usr/src/php/ext/opcache -I/usr/local/include/php -I/usr/local/include/php/main -I/usr/local/include/php/TSRM -I/usr/local/include/php/Zend -I/usr/local/include/php/ext -I/usr/local/include/php/ext/date/lib -fstack-protector-strong -fpic -fpie -O2 -D_LARGEFILE_SOURCE -D_FILE_OFFSET_BITS=64 -DHAVE_CONFIG_H -fstack-protector-strong -fpic -fpie -O2 -D_LARGEFILE_SOURCE -D_FILE_OFFSET_BITS=64 -D_GNU_SOURCE -DZEND_ENABLE_STATIC_TSRMLS_CACHE=1 -I./jit/ir -DIR_TARGET_AARCH64 -DIR_PHP -DZEND_COMPILE_DL_EXT=1 -c /usr/src/php/ext/opcache/jit/ir/ir_patch.c -MMD -MF jit/ir/ir_patch.dep -MT jit/ir/ir_patch.lo  -fPIC -DPIC -o jit/ir/.libs/ir_patch.o
#9 507.5 /bin/sh /usr/src/php/ext/opcache/libtool --tag=CC --mode=compile cc -I. -I/usr/src/php/ext/opcache -I/usr/local/include/php -I/usr/local/include/php/main -I/usr/local/include/php/TSRM -I/usr/local/include/php/Zend -I/usr/local/include/php/ext -I/usr/local/include/php/ext/date/lib  -fstack-protector-strong -fpic -fpie -O2 -D_LARGEFILE_SOURCE -D_FILE_OFFSET_BITS=64 -DHAVE_CONFIG_H  -fstack-protector-strong -fpic -fpie -O2 -D_LARGEFILE_SOURCE -D_FILE_OFFSET_BITS=64 -D_GNU_SOURCE   -DZEND_ENABLE_STATIC_TSRMLS_CACHE=1 -I./jit/ir -DIR_TARGET_AARCH64 -DIR_PHP -DZEND_COMPILE_DL_EXT=1 -c /usr/src/php/ext/opcache/jit/ir/ir_save.c -o jit/ir/ir_save.lo  -MMD -MF jit/ir/ir_save.dep -MT jit/ir/ir_save.lo
#9 507.5  cc -I. -I/usr/src/php/ext/opcache -I/usr/local/include/php -I/usr/local/include/php/main -I/usr/local/include/php/TSRM -I/usr/local/include/php/Zend -I/usr/local/include/php/ext -I/usr/local/include/php/ext/date/lib -fstack-protector-strong -fpic -fpie -O2 -D_LARGEFILE_SOURCE -D_FILE_OFFSET_BITS=64 -DHAVE_CONFIG_H -fstack-protector-strong -fpic -fpie -O2 -D_LARGEFILE_SOURCE -D_FILE_OFFSET_BITS=64 -D_GNU_SOURCE -DZEND_ENABLE_STATIC_TSRMLS_CACHE=1 -I./jit/ir -DIR_TARGET_AARCH64 -DIR_PHP -DZEND_COMPILE_DL_EXT=1 -c /usr/src/php/ext/opcache/jit/ir/ir_ra.c -MMD -MF jit/ir/ir_ra.dep -MT jit/ir/ir_ra.lo  -fPIC -DPIC -o jit/ir/.libs/ir_ra.o
#9 507.7 /bin/sh /usr/src/php/ext/opcache/libtool --tag=CC --mode=compile cc -I. -I/usr/src/php/ext/opcache -I/usr/local/include/php -I/usr/local/include/php/main -I/usr/local/include/php/TSRM -I/usr/local/include/php/Zend -I/usr/local/include/php/ext -I/usr/local/include/php/ext/date/lib  -fstack-protector-strong -fpic -fpie -O2 -D_LARGEFILE_SOURCE -D_FILE_OFFSET_BITS=64 -DHAVE_CONFIG_H  -fstack-protector-strong -fpic -fpie -O2 -D_LARGEFILE_SOURCE -D_FILE_OFFSET_BITS=64 -D_GNU_SOURCE   -DZEND_ENABLE_STATIC_TSRMLS_CACHE=1 -I./jit/ir -DIR_TARGET_AARCH64 -DIR_PHP -DZEND_COMPILE_DL_EXT=1 -c /usr/src/php/ext/opcache/jit/ir/ir_sccp.c -o jit/ir/ir_sccp.lo  -MMD -MF jit/ir/ir_sccp.dep -MT jit/ir/ir_sccp.lo
#9 508.1 /bin/sh /usr/src/php/ext/opcache/libtool --tag=CC --mode=compile cc -I. -I/usr/src/php/ext/opcache -I/usr/local/include/php -I/usr/local/include/php/main -I/usr/local/include/php/TSRM -I/usr/local/include/php/Zend -I/usr/local/include/php/ext -I/usr/local/include/php/ext/date/lib  -fstack-protector-strong -fpic -fpie -O2 -D_LARGEFILE_SOURCE -D_FILE_OFFSET_BITS=64 -DHAVE_CONFIG_H  -fstack-protector-strong -fpic -fpie -O2 -D_LARGEFILE_SOURCE -D_FILE_OFFSET_BITS=64 -D_GNU_SOURCE   -DZEND_ENABLE_STATIC_TSRMLS_CACHE=1 -I./jit/ir -DIR_TARGET_AARCH64 -DIR_PHP -DZEND_COMPILE_DL_EXT=1 -c /usr/src/php/ext/opcache/jit/ir/ir_strtab.c -o jit/ir/ir_strtab.lo  -MMD -MF jit/ir/ir_strtab.dep -MT jit/ir/ir_strtab.lo
#9 508.2  cc -I. -I/usr/src/php/ext/opcache -I/usr/local/include/php -I/usr/local/include/php/main -I/usr/local/include/php/TSRM -I/usr/local/include/php/Zend -I/usr/local/include/php/ext -I/usr/local/include/php/ext/date/lib -fstack-protector-strong -fpic -fpie -O2 -D_LARGEFILE_SOURCE -D_FILE_OFFSET_BITS=64 -DHAVE_CONFIG_H -fstack-protector-strong -fpic -fpie -O2 -D_LARGEFILE_SOURCE -D_FILE_OFFSET_BITS=64 -D_GNU_SOURCE -DZEND_ENABLE_STATIC_TSRMLS_CACHE=1 -I./jit/ir -DIR_TARGET_AARCH64 -DIR_PHP -DZEND_COMPILE_DL_EXT=1 -c /usr/src/php/ext/opcache/jit/ir/ir_save.c -MMD -MF jit/ir/ir_save.dep -MT jit/ir/ir_save.lo  -fPIC -DPIC -o jit/ir/.libs/ir_save.o
#9 508.2 cc -DIR_TARGET_AARCH64 -DIR_PHP -DIR_PHP_MM=0 -o jit/ir/gen_ir_fold_hash /usr/src/php/ext/opcache/jit/ir/gen_ir_fold_hash.c
#9 508.3  cc -I. -I/usr/src/php/ext/opcache -I/usr/local/include/php -I/usr/local/include/php/main -I/usr/local/include/php/TSRM -I/usr/local/include/php/Zend -I/usr/local/include/php/ext -I/usr/local/include/php/ext/date/lib -fstack-protector-strong -fpic -fpie -O2 -D_LARGEFILE_SOURCE -D_FILE_OFFSET_BITS=64 -DHAVE_CONFIG_H -fstack-protector-strong -fpic -fpie -O2 -D_LARGEFILE_SOURCE -D_FILE_OFFSET_BITS=64 -D_GNU_SOURCE -DZEND_ENABLE_STATIC_TSRMLS_CACHE=1 -I./jit/ir -DIR_TARGET_AARCH64 -DIR_PHP -DZEND_COMPILE_DL_EXT=1 -c /usr/src/php/ext/opcache/jit/ir/ir_sccp.c -MMD -MF jit/ir/ir_sccp.dep -MT jit/ir/ir_sccp.lo  -fPIC -DPIC -o jit/ir/.libs/ir_sccp.o
#9 508.3 make: Circular jit/zend_jit.lo <- jit/zend_jit.lo dependency dropped.
#9 508.3 /bin/sh /usr/src/php/ext/opcache/libtool --tag=CC --mode=compile cc -I. -I/usr/src/php/ext/opcache -I/usr/local/include/php -I/usr/local/include/php/main -I/usr/local/include/php/TSRM -I/usr/local/include/php/Zend -I/usr/local/include/php/ext -I/usr/local/include/php/ext/date/lib  -fstack-protector-strong -fpic -fpie -O2 -D_LARGEFILE_SOURCE -D_FILE_OFFSET_BITS=64 -DHAVE_CONFIG_H  -fstack-protector-strong -fpic -fpie -O2 -D_LARGEFILE_SOURCE -D_FILE_OFFSET_BITS=64 -D_GNU_SOURCE   -DZEND_ENABLE_STATIC_TSRMLS_CACHE=1 -I./jit/ir -DIR_TARGET_AARCH64 -DIR_PHP -DZEND_COMPILE_DL_EXT=1 -c /usr/src/php/ext/opcache/jit/zend_jit_vm_helpers.c -o jit/zend_jit_vm_helpers.lo  -MMD -MF jit/zend_jit_vm_helpers.dep -MT jit/zend_jit_vm_helpers.lo
#9 508.3 /bin/sh /usr/src/php/ext/opcache/libtool --tag=CC --mode=compile cc -I. -I/usr/src/php/ext/opcache -I/usr/local/include/php -I/usr/local/include/php/main -I/usr/local/include/php/TSRM -I/usr/local/include/php/Zend -I/usr/local/include/php/ext -I/usr/local/include/php/ext/date/lib  -fstack-protector-strong -fpic -fpie -O2 -D_LARGEFILE_SOURCE -D_FILE_OFFSET_BITS=64 -DHAVE_CONFIG_H  -fstack-protector-strong -fpic -fpie -O2 -D_LARGEFILE_SOURCE -D_FILE_OFFSET_BITS=64 -D_GNU_SOURCE   -DZEND_ENABLE_STATIC_TSRMLS_CACHE=1 -I./jit/ir -DIR_TARGET_AARCH64 -DIR_PHP -DZEND_COMPILE_DL_EXT=1 -c /usr/src/php/ext/opcache/jit/zend_jit.c -o jit/zend_jit.lo  -MMD -MF jit/zend_jit.dep -MT jit/zend_jit.lo
#9 508.3 ./jit/ir/minilua /usr/src/php/ext/opcache/jit/ir/dynasm/dynasm.lua   -o jit/ir/ir_emit_aarch64.h /usr/src/php/ext/opcache/jit/ir/ir_aarch64.dasc
#9 508.3  cc -I. -I/usr/src/php/ext/opcache -I/usr/local/include/php -I/usr/local/include/php/main -I/usr/local/include/php/TSRM -I/usr/local/include/php/Zend -I/usr/local/include/php/ext -I/usr/local/include/php/ext/date/lib -fstack-protector-strong -fpic -fpie -O2 -D_LARGEFILE_SOURCE -D_FILE_OFFSET_BITS=64 -DHAVE_CONFIG_H -fstack-protector-strong -fpic -fpie -O2 -D_LARGEFILE_SOURCE -D_FILE_OFFSET_BITS=64 -D_GNU_SOURCE -DZEND_ENABLE_STATIC_TSRMLS_CACHE=1 -I./jit/ir -DIR_TARGET_AARCH64 -DIR_PHP -DZEND_COMPILE_DL_EXT=1 -c /usr/src/php/ext/opcache/jit/ir/ir_strtab.c -MMD -MF jit/ir/ir_strtab.dep -MT jit/ir/ir_strtab.lo  -fPIC -DPIC -o jit/ir/.libs/ir_strtab.o
#9 508.4 ./jit/ir/gen_ir_fold_hash < /usr/src/php/ext/opcache/jit/ir/ir_fold.h > ./jit/ir/ir_fold_hash.h
#9 508.5 /bin/sh /usr/src/php/ext/opcache/libtool --tag=CC --mode=compile cc -I. -I/usr/src/php/ext/opcache -I/usr/local/include/php -I/usr/local/include/php/main -I/usr/local/include/php/TSRM -I/usr/local/include/php/Zend -I/usr/local/include/php/ext -I/usr/local/include/php/ext/date/lib  -fstack-protector-strong -fpic -fpie -O2 -D_LARGEFILE_SOURCE -D_FILE_OFFSET_BITS=64 -DHAVE_CONFIG_H  -fstack-protector-strong -fpic -fpie -O2 -D_LARGEFILE_SOURCE -D_FILE_OFFSET_BITS=64 -D_GNU_SOURCE   -DZEND_ENABLE_STATIC_TSRMLS_CACHE=1 -I./jit/ir -DIR_TARGET_AARCH64 -DIR_PHP -DZEND_COMPILE_DL_EXT=1 -c /usr/src/php/ext/opcache/jit/ir/ir_emit.c -o jit/ir/ir_emit.lo  -MMD -MF jit/ir/ir_emit.dep -MT jit/ir/ir_emit.lo
#9 508.6 mkdir jit/.libs
#9 508.6  cc -I. -I/usr/src/php/ext/opcache -I/usr/local/include/php -I/usr/local/include/php/main -I/usr/local/include/php/TSRM -I/usr/local/include/php/Zend -I/usr/local/include/php/ext -I/usr/local/include/php/ext/date/lib -fstack-protector-strong -fpic -fpie -O2 -D_LARGEFILE_SOURCE -D_FILE_OFFSET_BITS=64 -DHAVE_CONFIG_H -fstack-protector-strong -fpic -fpie -O2 -D_LARGEFILE_SOURCE -D_FILE_OFFSET_BITS=64 -D_GNU_SOURCE -DZEND_ENABLE_STATIC_TSRMLS_CACHE=1 -I./jit/ir -DIR_TARGET_AARCH64 -DIR_PHP -DZEND_COMPILE_DL_EXT=1 -c /usr/src/php/ext/opcache/jit/zend_jit_vm_helpers.c -MMD -MF jit/zend_jit_vm_helpers.dep -MT jit/zend_jit_vm_helpers.lo  -fPIC -DPIC -o jit/.libs/zend_jit_vm_helpers.o
#9 508.6  cc -I. -I/usr/src/php/ext/opcache -I/usr/local/include/php -I/usr/local/include/php/main -I/usr/local/include/php/TSRM -I/usr/local/include/php/Zend -I/usr/local/include/php/ext -I/usr/local/include/php/ext/date/lib -fstack-protector-strong -fpic -fpie -O2 -D_LARGEFILE_SOURCE -D_FILE_OFFSET_BITS=64 -DHAVE_CONFIG_H -fstack-protector-strong -fpic -fpie -O2 -D_LARGEFILE_SOURCE -D_FILE_OFFSET_BITS=64 -D_GNU_SOURCE -DZEND_ENABLE_STATIC_TSRMLS_CACHE=1 -I./jit/ir -DIR_TARGET_AARCH64 -DIR_PHP -DZEND_COMPILE_DL_EXT=1 -c /usr/src/php/ext/opcache/jit/zend_jit.c -MMD -MF jit/zend_jit.dep -MT jit/zend_jit.lo  -fPIC -DPIC -o jit/.libs/zend_jit.o
#9 508.7  cc -I. -I/usr/src/php/ext/opcache -I/usr/local/include/php -I/usr/local/include/php/main -I/usr/local/include/php/TSRM -I/usr/local/include/php/Zend -I/usr/local/include/php/ext -I/usr/local/include/php/ext/date/lib -fstack-protector-strong -fpic -fpie -O2 -D_LARGEFILE_SOURCE -D_FILE_OFFSET_BITS=64 -DHAVE_CONFIG_H -fstack-protector-strong -fpic -fpie -O2 -D_LARGEFILE_SOURCE -D_FILE_OFFSET_BITS=64 -D_GNU_SOURCE -DZEND_ENABLE_STATIC_TSRMLS_CACHE=1 -I./jit/ir -DIR_TARGET_AARCH64 -DIR_PHP -DZEND_COMPILE_DL_EXT=1 -c /usr/src/php/ext/opcache/jit/ir/ir_emit.c -MMD -MF jit/ir/ir_emit.dep -MT jit/ir/ir_emit.lo  -fPIC -DPIC -o jit/ir/.libs/ir_emit.o
#9 510.6 /bin/sh /usr/src/php/ext/opcache/libtool --tag=CC --mode=compile cc -I. -I/usr/src/php/ext/opcache -I/usr/local/include/php -I/usr/local/include/php/main -I/usr/local/include/php/TSRM -I/usr/local/include/php/Zend -I/usr/local/include/php/ext -I/usr/local/include/php/ext/date/lib  -fstack-protector-strong -fpic -fpie -O2 -D_LARGEFILE_SOURCE -D_FILE_OFFSET_BITS=64 -DHAVE_CONFIG_H  -fstack-protector-strong -fpic -fpie -O2 -D_LARGEFILE_SOURCE -D_FILE_OFFSET_BITS=64 -D_GNU_SOURCE   -DZEND_ENABLE_STATIC_TSRMLS_CACHE=1 -I./jit/ir -DIR_TARGET_AARCH64 -DIR_PHP -DZEND_COMPILE_DL_EXT=1 -c /usr/src/php/ext/opcache/jit/ir/ir.c -o jit/ir/ir.lo  -MMD -MF jit/ir/ir.dep -MT jit/ir/ir.lo
#9 510.6  cc -I. -I/usr/src/php/ext/opcache -I/usr/local/include/php -I/usr/local/include/php/main -I/usr/local/include/php/TSRM -I/usr/local/include/php/Zend -I/usr/local/include/php/ext -I/usr/local/include/php/ext/date/lib -fstack-protector-strong -fpic -fpie -O2 -D_LARGEFILE_SOURCE -D_FILE_OFFSET_BITS=64 -DHAVE_CONFIG_H -fstack-protector-strong -fpic -fpie -O2 -D_LARGEFILE_SOURCE -D_FILE_OFFSET_BITS=64 -D_GNU_SOURCE -DZEND_ENABLE_STATIC_TSRMLS_CACHE=1 -I./jit/ir -DIR_TARGET_AARCH64 -DIR_PHP -DZEND_COMPILE_DL_EXT=1 -c /usr/src/php/ext/opcache/jit/ir/ir.c -MMD -MF jit/ir/ir.dep -MT jit/ir/ir.lo  -fPIC -DPIC -o jit/ir/.libs/ir.o
#9 525.5 /bin/sh /usr/src/php/ext/opcache/libtool --tag=CC --mode=link cc -shared -I/usr/local/include/php -I/usr/local/include/php/main -I/usr/local/include/php/TSRM -I/usr/local/include/php/Zend -I/usr/local/include/php/ext -I/usr/local/include/php/ext/date/lib  -fstack-protector-strong -fpic -fpie -O2 -D_LARGEFILE_SOURCE -D_FILE_OFFSET_BITS=64 -DHAVE_CONFIG_H  -fstack-protector-strong -fpic -fpie -O2 -D_LARGEFILE_SOURCE -D_FILE_OFFSET_BITS=64 -D_GNU_SOURCE  -Wl,-O1 -pie  -o opcache.la -export-dynamic -avoid-version -prefer-pic -module -rpath /usr/src/php/ext/opcache/modules  shared_alloc_mmap.lo shared_alloc_posix.lo shared_alloc_shm.lo zend_accelerator_blacklist.lo zend_accelerator_debug.lo zend_accelerator_hash.lo zend_accelerator_module.lo zend_accelerator_util_funcs.lo zend_file_cache.lo zend_persist_calc.lo zend_persist.lo zend_shared_alloc.lo ZendAccelerator.lo jit/ir/ir_cfg.lo jit/ir/ir_check.lo jit/ir/ir_dump.lo jit/ir/ir_emit.lo jit/ir/ir_gcm.lo jit/ir/ir_gdb.lo jit/ir/ir_patch.lo jit/ir/ir_perf.lo jit/ir/ir_ra.lo jit/ir/ir_save.lo jit/ir/ir_sccp.lo jit/ir/ir_strtab.lo jit/ir/ir.lo jit/zend_jit_vm_helpers.lo jit/zend_jit.lo 
#9 525.5 cc -shared  .libs/shared_alloc_mmap.o .libs/shared_alloc_posix.o .libs/shared_alloc_shm.o .libs/zend_accelerator_blacklist.o .libs/zend_accelerator_debug.o .libs/zend_accelerator_hash.o .libs/zend_accelerator_module.o .libs/zend_accelerator_util_funcs.o .libs/zend_file_cache.o .libs/zend_persist_calc.o .libs/zend_persist.o .libs/zend_shared_alloc.o .libs/ZendAccelerator.o jit/ir/.libs/ir_cfg.o jit/ir/.libs/ir_check.o jit/ir/.libs/ir_dump.o jit/ir/.libs/ir_emit.o jit/ir/.libs/ir_gcm.o jit/ir/.libs/ir_gdb.o jit/ir/.libs/ir_patch.o jit/ir/.libs/ir_perf.o jit/ir/.libs/ir_ra.o jit/ir/.libs/ir_save.o jit/ir/.libs/ir_sccp.o jit/ir/.libs/ir_strtab.o jit/ir/.libs/ir.o jit/.libs/zend_jit_vm_helpers.o jit/.libs/zend_jit.o   -Wl,-O1 -Wl,-soname -Wl,opcache.so -o .libs/opcache.so
#9 525.5 creating opcache.la
#9 525.6 (cd .libs && rm -f opcache.la && ln -s ../opcache.la opcache.la)
#9 525.6 /bin/sh /usr/src/php/ext/opcache/libtool --tag=CC --mode=install cp ./opcache.la /usr/src/php/ext/opcache/modules
#9 525.6 cp ./.libs/opcache.so /usr/src/php/ext/opcache/modules/opcache.so
#9 525.6 cp ./.libs/opcache.lai /usr/src/php/ext/opcache/modules/opcache.la
#9 525.6 PATH="$PATH:/sbin" ldconfig -n /usr/src/php/ext/opcache/modules
#9 525.6 ----------------------------------------------------------------------
#9 525.6 Libraries have been installed in:
#9 525.6    /usr/src/php/ext/opcache/modules
#9 525.6 
#9 525.6 If you ever happen to want to link against installed libraries
#9 525.6 in a given directory, LIBDIR, you must either use libtool, and
#9 525.6 specify the full pathname of the library, or use the `-LLIBDIR'
#9 525.6 flag during linking and do at least one of the following:
#9 525.6    - add LIBDIR to the `LD_LIBRARY_PATH' environment variable
#9 525.6      during execution
#9 525.6    - add LIBDIR to the `LD_RUN_PATH' environment variable
#9 525.6      during linking
#9 525.6    - use the `-Wl,--rpath -Wl,LIBDIR' linker flag
#9 525.6 
#9 525.6 See any operating system documentation about shared libraries for
#9 525.6 more information, such as the ld(1) and ld.so(8) manual pages.
#9 525.6 ----------------------------------------------------------------------
#9 525.6 
#9 525.6 Build complete.
#9 525.6 Don't forget to run 'make test'.
#9 525.6 
#9 525.6 + strip --strip-all modules/opcache.so
#9 525.6 make: Circular jit/zend_jit.lo <- jit/zend_jit.lo dependency dropped.
#9 525.6 Installing shared extensions:     /usr/local/lib/php/extensions/no-debug-non-zts-20240924/
#9 525.7 find . -name \*.gcno -o -name \*.gcda | xargs rm -f
#9 525.7 find . -name \*.lo -o -name \*.o -o -name \*.dep | xargs rm -f
#9 525.7 find . -name \*.la -o -name \*.a | xargs rm -f
#9 525.7 find . -name \*.so | xargs rm -f
#9 525.7 find . -name .libs -a -type d|xargs rm -rf
#9 525.7 rm -f libphp.la      modules/* libs/*
#9 525.7 rm -f ext/opcache/jit/ir/gen_ir_fold_hash
#9 525.7 rm -f ext/opcache/jit/ir/minilua
#9 525.7 rm -f ext/opcache/jit/ir/ir_fold_hash.h
#9 525.7 rm -f ext/opcache/jit/ir/ir_emit_x86.h
#9 525.7 rm -f ext/opcache/jit/ir/ir_emit_aarch64.h
#9 525.7 Configuring for:
#9 525.7 PHP Version:             8.4
#9 525.7 PHP Api Version:         20240924
#9 525.7 Zend Module Api No:      20240924
#9 525.7 Zend Extension Api No:   420240924
#9 526.2 checking for grep that handles long lines and -e... /bin/grep
#9 526.2 checking for egrep... /bin/grep -E
#9 526.3 checking for a sed that does not truncate output... /bin/sed
#9 526.3 checking build system type... aarch64-unknown-linux-musl
#9 526.3 checking host system type... aarch64-unknown-linux-musl
#9 526.3 checking target system type... aarch64-unknown-linux-musl
#9 526.3 shtool:echo:Warning: unable to determine terminal sequence for bold mode
#9 526.3 shtool:echo:Warning: unable to determine terminal sequence for bold mode
#9 526.3 checking for gawk... no
#9 526.3 checking for nawk... no
#9 526.3 checking for awk... awk
#9 526.3 checking if awk is broken... no
#9 526.3 checking for pkg-config... /usr/bin/pkg-config
#9 526.3 checking pkg-config is at least version 0.9.0... yes
#9 526.3 checking for cc... cc
#9 526.3 checking whether the C compiler works... yes
#9 526.3 checking for C compiler default output file name... a.out
#9 526.3 checking for suffix of executables... 
#9 526.4 checking whether we are cross compiling... no
#9 526.4 checking for suffix of object files... o
#9 526.4 checking whether the compiler supports GNU C... yes
#9 526.4 checking whether cc accepts -g... yes
#9 526.5 checking for cc option to enable C23 features... unsupported
#9 526.5 checking for cc option to enable C11 features... none needed
#9 526.5 checking how to run the C preprocessor... cc -E
#9 526.6 checking for egrep -e... (cached) /bin/grep -E
#9 526.6 checking for icc... no
#9 526.6 checking for suncc... no
#9 526.6 checking for system library directory... lib
#9 526.6 checking if compiler supports -Wl,-rpath,... yes
#9 526.6 checking for PHP prefix... /usr/local
#9 526.6 checking for PHP includes... -I/usr/local/include/php -I/usr/local/include/php/main -I/usr/local/include/php/TSRM -I/usr/local/include/php/Zend -I/usr/local/include/php/ext -I/usr/local/include/php/ext/date/lib
#9 526.6 checking for PHP extension directory... /usr/local/lib/php/extensions/no-debug-non-zts-20240924
#9 526.6 checking for PHP installed headers prefix... /usr/local/include/php
#9 526.6 checking if debugging is enabled... no
#9 526.6 checking if PHP is built with thread safety (ZTS)... no
#9 526.6 
#9 526.6 Configuring extension
#9 526.6 checking whether to enable pcntl support... yes, shared
#9 526.6 checking for fork... yes
#9 526.7 checking for sigaction... yes
#9 526.7 checking for waitpid... yes
#9 526.7 checking for forkx... no
#9 526.7 checking for getcpuid... no
#9 526.8 checking for getpriority... yes
#9 526.8 checking for pidfd_open... no
#9 526.8 checking for pset_bind... no
#9 526.8 checking for pthread_set_qos_class_self_np... no
#9 526.9 checking for rfork... no
#9 526.9 checking for sched_setaffinity... yes
#9 526.9 checking for setpriority... yes
#9 526.9 checking for sigwaitinfo... yes
#9 527.0 checking for sigtimedwait... yes
#9 527.0 checking for unshare... yes
#9 527.0 checking for wait3... yes
#9 527.1 checking for wait4... yes
#9 527.1 checking for waitid... yes
#9 527.1 checking for cc options to detect undeclared functions... none needed
#9 527.1 checking for cc options to ignore future-version functions... none needed
#9 527.2 checking for WIFCONTINUED... no
#9 527.2 checking whether WIFCONTINUED is declared... yes
#9 527.2 checking whether WCONTINUED is declared... yes
#9 527.2 checking whether WEXITED is declared... yes
#9 527.2 checking whether WSTOPPED is declared... yes
#9 527.3 checking whether WNOWAIT is declared... yes
#9 527.3 checking whether P_ALL is declared... yes
#9 527.3 checking whether P_PIDFD is declared... yes
#9 527.3 checking whether P_UID is declared... no
#9 527.3 checking whether P_JAILID is declared... no
#9 527.4 checking if sched_getcpu is supported... no
#9 527.4 checking for siginfo_t... yes
#9 527.4 
#9 527.4 Configuring libtool
#9 527.4 checking for a sed that does not truncate output... /bin/sed
#9 527.4 checking for ld used by cc... /usr/aarch64-alpine-linux-musl/bin/ld
#9 527.4 checking if the linker (/usr/aarch64-alpine-linux-musl/bin/ld) is GNU ld... yes
#9 527.4 checking for /usr/aarch64-alpine-linux-musl/bin/ld option to reload object files... -r
#9 527.4 checking for BSD-compatible nm... /usr/bin/nm -B
#9 527.4 checking whether ln -s works... yes
#9 527.4 checking how to recognize dependent libraries... pass_all
#9 527.4 checking for stdio.h... yes
#9 527.4 checking for stdlib.h... yes
#9 527.4 checking for string.h... yes
#9 527.5 checking for inttypes.h... yes
#9 527.5 checking for stdint.h... yes
#9 527.5 checking for strings.h... yes
#9 527.5 checking for sys/stat.h... yes
#9 527.5 checking for sys/types.h... yes
#9 527.6 checking for unistd.h... yes
#9 527.6 checking for dlfcn.h... yes
#9 527.6 checking the maximum length of command line arguments... 98304
#9 527.6 checking command to parse /usr/bin/nm -B output from cc object... ok
#9 527.6 checking for objdir... .libs
#9 527.6 checking for ar... ar
#9 527.6 checking for ranlib... ranlib
#9 527.6 checking for strip... strip
#9 527.7 checking if cc supports -fno-rtti -fno-exceptions... no
#9 527.7 checking for cc option to produce PIC... -fPIC
#9 527.7 checking if cc PIC flag -fPIC works... yes
#9 527.7 checking if cc static flag -static works... yes
#9 527.7 checking if cc supports -c -o file.o... yes
#9 527.8 checking whether the cc linker (/usr/aarch64-alpine-linux-musl/bin/ld) supports shared libraries... yes
#9 527.8 checking whether -lc should be explicitly linked in... no
#9 527.8 checking dynamic linker characteristics... GNU/Linux ld.so
#9 527.8 checking how to hardcode library paths into programs... immediate
#9 527.8 checking whether stripping libraries is possible... yes
#9 527.8 checking if libtool supports shared libraries... yes
#9 527.8 checking whether to build shared libraries... yes
#9 527.8 checking whether to build static libraries... no
#9 527.9 
#9 527.9 creating libtool
#9 527.9 appending configuration tag "CXX" to libtool
#9 527.9 
#9 527.9 Generating files
#9 527.9 configure: creating build directories
#9 527.9 configure: creating Makefile
#9 527.9 configure: patching config.h.in
#9 527.9 configure: creating ./config.status
#9 527.9 config.status: creating config.h
#9 527.9 /bin/sh /usr/src/php/ext/pcntl/libtool --tag=CC --mode=compile cc -I. -I/usr/src/php/ext/pcntl -I/usr/local/include/php -I/usr/local/include/php/main -I/usr/local/include/php/TSRM -I/usr/local/include/php/Zend -I/usr/local/include/php/ext -I/usr/local/include/php/ext/date/lib  -fstack-protector-strong -fpic -fpie -O2 -D_LARGEFILE_SOURCE -D_FILE_OFFSET_BITS=64 -DHAVE_CONFIG_H  -fstack-protector-strong -fpic -fpie -O2 -D_LARGEFILE_SOURCE -D_FILE_OFFSET_BITS=64 -D_GNU_SOURCE   -DHAVE_STRUCT_SIGINFO_T -DZEND_ENABLE_STATIC_TSRMLS_CACHE=1 -DZEND_COMPILE_DL_EXT=1 -c /usr/src/php/ext/pcntl/pcntl.c -o pcntl.lo  -MMD -MF pcntl.dep -MT pcntl.lo
#9 527.9 /bin/sh /usr/src/php/ext/pcntl/libtool --tag=CC --mode=compile cc -I. -I/usr/src/php/ext/pcntl -I/usr/local/include/php -I/usr/local/include/php/main -I/usr/local/include/php/TSRM -I/usr/local/include/php/Zend -I/usr/local/include/php/ext -I/usr/local/include/php/ext/date/lib  -fstack-protector-strong -fpic -fpie -O2 -D_LARGEFILE_SOURCE -D_FILE_OFFSET_BITS=64 -DHAVE_CONFIG_H  -fstack-protector-strong -fpic -fpie -O2 -D_LARGEFILE_SOURCE -D_FILE_OFFSET_BITS=64 -D_GNU_SOURCE   -DHAVE_STRUCT_SIGINFO_T -DZEND_ENABLE_STATIC_TSRMLS_CACHE=1 -DZEND_COMPILE_DL_EXT=1 -c /usr/src/php/ext/pcntl/php_signal.c -o php_signal.lo  -MMD -MF php_signal.dep -MT php_signal.lo
#9 528.0 mkdir .libs
#9 528.0  cc -I. -I/usr/src/php/ext/pcntl -I/usr/local/include/php -I/usr/local/include/php/main -I/usr/local/include/php/TSRM -I/usr/local/include/php/Zend -I/usr/local/include/php/ext -I/usr/local/include/php/ext/date/lib -fstack-protector-strong -fpic -fpie -O2 -D_LARGEFILE_SOURCE -D_FILE_OFFSET_BITS=64 -DHAVE_CONFIG_H -fstack-protector-strong -fpic -fpie -O2 -D_LARGEFILE_SOURCE -D_FILE_OFFSET_BITS=64 -D_GNU_SOURCE -DHAVE_STRUCT_SIGINFO_T -DZEND_ENABLE_STATIC_TSRMLS_CACHE=1 -DZEND_COMPILE_DL_EXT=1 -c /usr/src/php/ext/pcntl/pcntl.c -MMD -MF pcntl.dep -MT pcntl.lo  -fPIC -DPIC -o .libs/pcntl.o
#9 528.0  cc -I. -I/usr/src/php/ext/pcntl -I/usr/local/include/php -I/usr/local/include/php/main -I/usr/local/include/php/TSRM -I/usr/local/include/php/Zend -I/usr/local/include/php/ext -I/usr/local/include/php/ext/date/lib -fstack-protector-strong -fpic -fpie -O2 -D_LARGEFILE_SOURCE -D_FILE_OFFSET_BITS=64 -DHAVE_CONFIG_H -fstack-protector-strong -fpic -fpie -O2 -D_LARGEFILE_SOURCE -D_FILE_OFFSET_BITS=64 -D_GNU_SOURCE -DHAVE_STRUCT_SIGINFO_T -DZEND_ENABLE_STATIC_TSRMLS_CACHE=1 -DZEND_COMPILE_DL_EXT=1 -c /usr/src/php/ext/pcntl/php_signal.c -MMD -MF php_signal.dep -MT php_signal.lo  -fPIC -DPIC -o .libs/php_signal.o
#9 528.7 /bin/sh /usr/src/php/ext/pcntl/libtool --tag=CC --mode=link cc -shared -I/usr/local/include/php -I/usr/local/include/php/main -I/usr/local/include/php/TSRM -I/usr/local/include/php/Zend -I/usr/local/include/php/ext -I/usr/local/include/php/ext/date/lib  -fstack-protector-strong -fpic -fpie -O2 -D_LARGEFILE_SOURCE -D_FILE_OFFSET_BITS=64 -DHAVE_CONFIG_H  -fstack-protector-strong -fpic -fpie -O2 -D_LARGEFILE_SOURCE -D_FILE_OFFSET_BITS=64 -D_GNU_SOURCE  -Wl,-O1 -pie  -o pcntl.la -export-dynamic -avoid-version -prefer-pic -module -rpath /usr/src/php/ext/pcntl/modules  pcntl.lo php_signal.lo 
#9 528.8 cc -shared  .libs/pcntl.o .libs/php_signal.o   -Wl,-O1 -Wl,-soname -Wl,pcntl.so -o .libs/pcntl.so
#9 528.8 creating pcntl.la
#9 528.8 (cd .libs && rm -f pcntl.la && ln -s ../pcntl.la pcntl.la)
#9 528.8 /bin/sh /usr/src/php/ext/pcntl/libtool --tag=CC --mode=install cp ./pcntl.la /usr/src/php/ext/pcntl/modules
#9 528.8 cp ./.libs/pcntl.so /usr/src/php/ext/pcntl/modules/pcntl.so
#9 528.8 cp ./.libs/pcntl.lai /usr/src/php/ext/pcntl/modules/pcntl.la
#9 528.8 PATH="$PATH:/sbin" ldconfig -n /usr/src/php/ext/pcntl/modules
#9 528.8 ----------------------------------------------------------------------
#9 528.8 Libraries have been installed in:
#9 528.8    /usr/src/php/ext/pcntl/modules
#9 528.8 
#9 528.8 If you ever happen to want to link against installed libraries
#9 528.8 in a given directory, LIBDIR, you must either use libtool, and
#9 528.8 specify the full pathname of the library, or use the `-LLIBDIR'
#9 528.8 flag during linking and do at least one of the following:
#9 528.8    - add LIBDIR to the `LD_LIBRARY_PATH' environment variable
#9 528.8      during execution
#9 528.8    - add LIBDIR to the `LD_RUN_PATH' environment variable
#9 528.8      during linking
#9 528.8    - use the `-Wl,--rpath -Wl,LIBDIR' linker flag
#9 528.8 
#9 528.8 See any operating system documentation about shared libraries for
#9 528.8 more information, such as the ld(1) and ld.so(8) manual pages.
#9 528.8 ----------------------------------------------------------------------
#9 528.8 
#9 528.8 Build complete.
#9 528.8 Don't forget to run 'make test'.
#9 528.8 
#9 528.8 + strip --strip-all modules/pcntl.so
#9 528.8 Installing shared extensions:     /usr/local/lib/php/extensions/no-debug-non-zts-20240924/
#9 528.9 find . -name \*.gcno -o -name \*.gcda | xargs rm -f
#9 528.9 find . -name \*.lo -o -name \*.o -o -name \*.dep | xargs rm -f
#9 528.9 find . -name \*.la -o -name \*.a | xargs rm -f
#9 528.9 find . -name \*.so | xargs rm -f
#9 528.9 find . -name .libs -a -type d|xargs rm -rf
#9 528.9 rm -f libphp.la      modules/* libs/*
#9 528.9 rm -f ext/opcache/jit/ir/gen_ir_fold_hash
#9 528.9 rm -f ext/opcache/jit/ir/minilua
#9 528.9 rm -f ext/opcache/jit/ir/ir_fold_hash.h
#9 528.9 rm -f ext/opcache/jit/ir/ir_emit_x86.h
#9 528.9 rm -f ext/opcache/jit/ir/ir_emit_aarch64.h
#9 528.9 Configuring for:
#9 528.9 PHP Version:             8.4
#9 528.9 PHP Api Version:         20240924
#9 528.9 Zend Module Api No:      20240924
#9 528.9 Zend Extension Api No:   420240924
#9 529.4 checking for grep that handles long lines and -e... /bin/grep
#9 529.4 checking for egrep... /bin/grep -E
#9 529.4 checking for a sed that does not truncate output... /bin/sed
#9 529.4 checking build system type... aarch64-unknown-linux-musl
#9 529.4 checking host system type... aarch64-unknown-linux-musl
#9 529.4 checking target system type... aarch64-unknown-linux-musl
#9 529.5 shtool:echo:Warning: unable to determine terminal sequence for bold mode
#9 529.5 shtool:echo:Warning: unable to determine terminal sequence for bold mode
#9 529.5 checking for gawk... no
#9 529.5 checking for nawk... no
#9 529.5 checking for awk... awk
#9 529.5 checking if awk is broken... no
#9 529.5 checking for pkg-config... /usr/bin/pkg-config
#9 529.5 checking pkg-config is at least version 0.9.0... yes
#9 529.5 checking for cc... cc
#9 529.5 checking whether the C compiler works... yes
#9 529.6 checking for C compiler default output file name... a.out
#9 529.6 checking for suffix of executables... 
#9 529.6 checking whether we are cross compiling... no
#9 529.6 checking for suffix of object files... o
#9 529.6 checking whether the compiler supports GNU C... yes
#9 529.7 checking whether cc accepts -g... yes
#9 529.7 checking for cc option to enable C23 features... unsupported
#9 529.7 checking for cc option to enable C11 features... none needed
#9 529.7 checking how to run the C preprocessor... cc -E
#9 529.8 checking for egrep -e... (cached) /bin/grep -E
#9 529.8 checking for icc... no
#9 529.8 checking for suncc... no
#9 529.8 checking for system library directory... lib
#9 529.8 checking if compiler supports -Wl,-rpath,... yes
#9 529.8 checking for PHP prefix... /usr/local
#9 529.8 checking for PHP includes... -I/usr/local/include/php -I/usr/local/include/php/main -I/usr/local/include/php/TSRM -I/usr/local/include/php/Zend -I/usr/local/include/php/ext -I/usr/local/include/php/ext/date/lib
#9 529.8 checking for PHP extension directory... /usr/local/lib/php/extensions/no-debug-non-zts-20240924
#9 529.8 checking for PHP installed headers prefix... /usr/local/include/php
#9 529.8 checking if debugging is enabled... no
#9 529.8 checking if PHP is built with thread safety (ZTS)... no
#9 529.9 
#9 529.9 Configuring extension
#9 529.9 checking whether to enable PDO support... yes, shared
#9 529.9 
#9 529.9 Configuring libtool
#9 529.9 checking for a sed that does not truncate output... /bin/sed
#9 529.9 checking for ld used by cc... /usr/aarch64-alpine-linux-musl/bin/ld
#9 529.9 checking if the linker (/usr/aarch64-alpine-linux-musl/bin/ld) is GNU ld... yes
#9 529.9 checking for /usr/aarch64-alpine-linux-musl/bin/ld option to reload object files... -r
#9 529.9 checking for BSD-compatible nm... /usr/bin/nm -B
#9 529.9 checking whether ln -s works... yes
#9 529.9 checking how to recognize dependent libraries... pass_all
#9 529.9 checking for stdio.h... yes
#9 529.9 checking for stdlib.h... yes
#9 529.9 checking for string.h... yes
#9 529.9 checking for inttypes.h... yes
#9 529.9 checking for stdint.h... yes
#9 530.0 checking for strings.h... yes
#9 530.0 checking for sys/stat.h... yes
#9 530.0 checking for sys/types.h... yes
#9 530.0 checking for unistd.h... yes
#9 530.0 checking for dlfcn.h... yes
#9 530.1 checking the maximum length of command line arguments... 98304
#9 530.1 checking command to parse /usr/bin/nm -B output from cc object... ok
#9 530.1 checking for objdir... .libs
#9 530.1 checking for ar... ar
#9 530.1 checking for ranlib... ranlib
#9 530.1 checking for strip... strip
#9 530.1 checking if cc supports -fno-rtti -fno-exceptions... no
#9 530.2 checking for cc option to produce PIC... -fPIC
#9 530.2 checking if cc PIC flag -fPIC works... yes
#9 530.2 checking if cc static flag -static works... yes
#9 530.2 checking if cc supports -c -o file.o... yes
#9 530.2 checking whether the cc linker (/usr/aarch64-alpine-linux-musl/bin/ld) supports shared libraries... yes
#9 530.2 checking whether -lc should be explicitly linked in... no
#9 530.2 checking dynamic linker characteristics... GNU/Linux ld.so
#9 530.2 checking how to hardcode library paths into programs... immediate
#9 530.2 checking whether stripping libraries is possible... yes
#9 530.3 checking if libtool supports shared libraries... yes
#9 530.3 checking whether to build shared libraries... yes
#9 530.3 checking whether to build static libraries... no
#9 530.3 
#9 530.3 creating libtool
#9 530.3 appending configuration tag "CXX" to libtool
#9 530.3 
#9 530.3 Generating files
#9 530.3 configure: creating build directories
#9 530.3 configure: creating Makefile
#9 530.3 configure: patching config.h.in
#9 530.3 configure: creating ./config.status
#9 530.4 config.status: creating config.h
#9 530.4 /bin/sh /usr/src/php/ext/pdo/libtool --tag=CC --mode=compile cc -I. -I/usr/src/php/ext/pdo -I/usr/local/include/php -I/usr/local/include/php/main -I/usr/local/include/php/TSRM -I/usr/local/include/php/Zend -I/usr/local/include/php/ext -I/usr/local/include/php/ext/date/lib  -fstack-protector-strong -fpic -fpie -O2 -D_LARGEFILE_SOURCE -D_FILE_OFFSET_BITS=64 -DHAVE_CONFIG_H  -fstack-protector-strong -fpic -fpie -O2 -D_LARGEFILE_SOURCE -D_FILE_OFFSET_BITS=64 -D_GNU_SOURCE    -DZEND_COMPILE_DL_EXT=1 -c /usr/src/php/ext/pdo/pdo.c -o pdo.lo  -MMD -MF pdo.dep -MT pdo.lo
#9 530.4 /bin/sh /usr/src/php/ext/pdo/libtool --tag=CC --mode=compile cc -I. -I/usr/src/php/ext/pdo -I/usr/local/include/php -I/usr/local/include/php/main -I/usr/local/include/php/TSRM -I/usr/local/include/php/Zend -I/usr/local/include/php/ext -I/usr/local/include/php/ext/date/lib  -fstack-protector-strong -fpic -fpie -O2 -D_LARGEFILE_SOURCE -D_FILE_OFFSET_BITS=64 -DHAVE_CONFIG_H  -fstack-protector-strong -fpic -fpie -O2 -D_LARGEFILE_SOURCE -D_FILE_OFFSET_BITS=64 -D_GNU_SOURCE    -DZEND_COMPILE_DL_EXT=1 -c /usr/src/php/ext/pdo/pdo_dbh.c -o pdo_dbh.lo  -MMD -MF pdo_dbh.dep -MT pdo_dbh.lo
#9 530.4 /bin/sh /usr/src/php/ext/pdo/libtool --tag=CC --mode=compile cc -I. -I/usr/src/php/ext/pdo -I/usr/local/include/php -I/usr/local/include/php/main -I/usr/local/include/php/TSRM -I/usr/local/include/php/Zend -I/usr/local/include/php/ext -I/usr/local/include/php/ext/date/lib  -fstack-protector-strong -fpic -fpie -O2 -D_LARGEFILE_SOURCE -D_FILE_OFFSET_BITS=64 -DHAVE_CONFIG_H  -fstack-protector-strong -fpic -fpie -O2 -D_LARGEFILE_SOURCE -D_FILE_OFFSET_BITS=64 -D_GNU_SOURCE    -DZEND_COMPILE_DL_EXT=1 -c /usr/src/php/ext/pdo/pdo_stmt.c -o pdo_stmt.lo  -MMD -MF pdo_stmt.dep -MT pdo_stmt.lo
#9 530.4 /bin/sh /usr/src/php/ext/pdo/libtool --tag=CC --mode=compile cc -I. -I/usr/src/php/ext/pdo -I/usr/local/include/php -I/usr/local/include/php/main -I/usr/local/include/php/TSRM -I/usr/local/include/php/Zend -I/usr/local/include/php/ext -I/usr/local/include/php/ext/date/lib  -fstack-protector-strong -fpic -fpie -O2 -D_LARGEFILE_SOURCE -D_FILE_OFFSET_BITS=64 -DHAVE_CONFIG_H  -fstack-protector-strong -fpic -fpie -O2 -D_LARGEFILE_SOURCE -D_FILE_OFFSET_BITS=64 -D_GNU_SOURCE    -DZEND_COMPILE_DL_EXT=1 -c /usr/src/php/ext/pdo/pdo_sql_parser.c -o pdo_sql_parser.lo  -MMD -MF pdo_sql_parser.dep -MT pdo_sql_parser.lo
#9 530.4 /bin/sh /usr/src/php/ext/pdo/libtool --tag=CC --mode=compile cc -I. -I/usr/src/php/ext/pdo -I/usr/local/include/php -I/usr/local/include/php/main -I/usr/local/include/php/TSRM -I/usr/local/include/php/Zend -I/usr/local/include/php/ext -I/usr/local/include/php/ext/date/lib  -fstack-protector-strong -fpic -fpie -O2 -D_LARGEFILE_SOURCE -D_FILE_OFFSET_BITS=64 -DHAVE_CONFIG_H  -fstack-protector-strong -fpic -fpie -O2 -D_LARGEFILE_SOURCE -D_FILE_OFFSET_BITS=64 -D_GNU_SOURCE    -DZEND_COMPILE_DL_EXT=1 -c /usr/src/php/ext/pdo/pdo_sqlstate.c -o pdo_sqlstate.lo  -MMD -MF pdo_sqlstate.dep -MT pdo_sqlstate.lo
#9 530.4 mkdir .libs
#9 530.4 mkdir .libs
#9 530.4 mkdir .libs
#9 530.4 mkdir: can't create directory '.libs': File exists
#9 530.4 mkdir: can't create directory '.libs': File exists
#9 530.4  cc -I. -I/usr/src/php/ext/pdo -I/usr/local/include/php -I/usr/local/include/php/main -I/usr/local/include/php/TSRM -I/usr/local/include/php/Zend -I/usr/local/include/php/ext -I/usr/local/include/php/ext/date/lib -fstack-protector-strong -fpic -fpie -O2 -D_LARGEFILE_SOURCE -D_FILE_OFFSET_BITS=64 -DHAVE_CONFIG_H -fstack-protector-strong -fpic -fpie -O2 -D_LARGEFILE_SOURCE -D_FILE_OFFSET_BITS=64 -D_GNU_SOURCE -DZEND_COMPILE_DL_EXT=1 -c /usr/src/php/ext/pdo/pdo_sqlstate.c -MMD -MF pdo_sqlstate.dep -MT pdo_sqlstate.lo  -fPIC -DPIC -o .libs/pdo_sqlstate.o
#9 530.4  cc -I. -I/usr/src/php/ext/pdo -I/usr/local/include/php -I/usr/local/include/php/main -I/usr/local/include/php/TSRM -I/usr/local/include/php/Zend -I/usr/local/include/php/ext -I/usr/local/include/php/ext/date/lib -fstack-protector-strong -fpic -fpie -O2 -D_LARGEFILE_SOURCE -D_FILE_OFFSET_BITS=64 -DHAVE_CONFIG_H -fstack-protector-strong -fpic -fpie -O2 -D_LARGEFILE_SOURCE -D_FILE_OFFSET_BITS=64 -D_GNU_SOURCE -DZEND_COMPILE_DL_EXT=1 -c /usr/src/php/ext/pdo/pdo_dbh.c -MMD -MF pdo_dbh.dep -MT pdo_dbh.lo  -fPIC -DPIC -o .libs/pdo_dbh.o
#9 530.4  cc -I. -I/usr/src/php/ext/pdo -I/usr/local/include/php -I/usr/local/include/php/main -I/usr/local/include/php/TSRM -I/usr/local/include/php/Zend -I/usr/local/include/php/ext -I/usr/local/include/php/ext/date/lib -fstack-protector-strong -fpic -fpie -O2 -D_LARGEFILE_SOURCE -D_FILE_OFFSET_BITS=64 -DHAVE_CONFIG_H -fstack-protector-strong -fpic -fpie -O2 -D_LARGEFILE_SOURCE -D_FILE_OFFSET_BITS=64 -D_GNU_SOURCE -DZEND_COMPILE_DL_EXT=1 -c /usr/src/php/ext/pdo/pdo.c -MMD -MF pdo.dep -MT pdo.lo  -fPIC -DPIC -o .libs/pdo.o
#9 530.4  cc -I. -I/usr/src/php/ext/pdo -I/usr/local/include/php -I/usr/local/include/php/main -I/usr/local/include/php/TSRM -I/usr/local/include/php/Zend -I/usr/local/include/php/ext -I/usr/local/include/php/ext/date/lib -fstack-protector-strong -fpic -fpie -O2 -D_LARGEFILE_SOURCE -D_FILE_OFFSET_BITS=64 -DHAVE_CONFIG_H -fstack-protector-strong -fpic -fpie -O2 -D_LARGEFILE_SOURCE -D_FILE_OFFSET_BITS=64 -D_GNU_SOURCE -DZEND_COMPILE_DL_EXT=1 -c /usr/src/php/ext/pdo/pdo_sql_parser.c -MMD -MF pdo_sql_parser.dep -MT pdo_sql_parser.lo  -fPIC -DPIC -o .libs/pdo_sql_parser.o
#9 530.4  cc -I. -I/usr/src/php/ext/pdo -I/usr/local/include/php -I/usr/local/include/php/main -I/usr/local/include/php/TSRM -I/usr/local/include/php/Zend -I/usr/local/include/php/ext -I/usr/local/include/php/ext/date/lib -fstack-protector-strong -fpic -fpie -O2 -D_LARGEFILE_SOURCE -D_FILE_OFFSET_BITS=64 -DHAVE_CONFIG_H -fstack-protector-strong -fpic -fpie -O2 -D_LARGEFILE_SOURCE -D_FILE_OFFSET_BITS=64 -D_GNU_SOURCE -DZEND_COMPILE_DL_EXT=1 -c /usr/src/php/ext/pdo/pdo_stmt.c -MMD -MF pdo_stmt.dep -MT pdo_stmt.lo  -fPIC -DPIC -o .libs/pdo_stmt.o
#9 531.5 /bin/sh /usr/src/php/ext/pdo/libtool --tag=CC --mode=link cc -shared -I/usr/local/include/php -I/usr/local/include/php/main -I/usr/local/include/php/TSRM -I/usr/local/include/php/Zend -I/usr/local/include/php/ext -I/usr/local/include/php/ext/date/lib  -fstack-protector-strong -fpic -fpie -O2 -D_LARGEFILE_SOURCE -D_FILE_OFFSET_BITS=64 -DHAVE_CONFIG_H  -fstack-protector-strong -fpic -fpie -O2 -D_LARGEFILE_SOURCE -D_FILE_OFFSET_BITS=64 -D_GNU_SOURCE  -Wl,-O1 -pie  -o pdo.la -export-dynamic -avoid-version -prefer-pic -module -rpath /usr/src/php/ext/pdo/modules  pdo.lo pdo_dbh.lo pdo_stmt.lo pdo_sql_parser.lo pdo_sqlstate.lo 
#9 531.5 cc -shared  .libs/pdo.o .libs/pdo_dbh.o .libs/pdo_stmt.o .libs/pdo_sql_parser.o .libs/pdo_sqlstate.o   -Wl,-O1 -Wl,-soname -Wl,pdo.so -o .libs/pdo.so
#9 531.5 creating pdo.la
#9 531.5 (cd .libs && rm -f pdo.la && ln -s ../pdo.la pdo.la)
#9 531.5 /bin/sh /usr/src/php/ext/pdo/libtool --tag=CC --mode=install cp ./pdo.la /usr/src/php/ext/pdo/modules
#9 531.5 cp ./.libs/pdo.so /usr/src/php/ext/pdo/modules/pdo.so
#9 531.5 cp ./.libs/pdo.lai /usr/src/php/ext/pdo/modules/pdo.la
#9 531.5 PATH="$PATH:/sbin" ldconfig -n /usr/src/php/ext/pdo/modules
#9 531.5 ----------------------------------------------------------------------
#9 531.5 Libraries have been installed in:
#9 531.5    /usr/src/php/ext/pdo/modules
#9 531.5 
#9 531.5 If you ever happen to want to link against installed libraries
#9 531.5 in a given directory, LIBDIR, you must either use libtool, and
#9 531.5 specify the full pathname of the library, or use the `-LLIBDIR'
#9 531.5 flag during linking and do at least one of the following:
#9 531.5    - add LIBDIR to the `LD_LIBRARY_PATH' environment variable
#9 531.5      during execution
#9 531.5    - add LIBDIR to the `LD_RUN_PATH' environment variable
#9 531.5      during linking
#9 531.5    - use the `-Wl,--rpath -Wl,LIBDIR' linker flag
#9 531.5 
#9 531.5 See any operating system documentation about shared libraries for
#9 531.5 more information, such as the ld(1) and ld.so(8) manual pages.
#9 531.5 ----------------------------------------------------------------------
#9 531.5 
#9 531.5 Build complete.
#9 531.5 Don't forget to run 'make test'.
#9 531.5 
#9 531.6 + strip --strip-all modules/pdo.so
#9 531.6 Installing shared extensions:     /usr/local/lib/php/extensions/no-debug-non-zts-20240924/
#9 531.6 Installing header files:          /usr/local/include/php/
#9 531.7 
#9 531.7 warning: pdo (pdo) is already loaded!
#9 531.7 
#9 531.7 find . -name \*.gcno -o -name \*.gcda | xargs rm -f
#9 531.7 find . -name \*.lo -o -name \*.o -o -name \*.dep | xargs rm -f
#9 531.7 find . -name \*.la -o -name \*.a | xargs rm -f
#9 531.7 find . -name \*.so | xargs rm -f
#9 531.7 find . -name .libs -a -type d|xargs rm -rf
#9 531.7 rm -f libphp.la      modules/* libs/*
#9 531.7 rm -f ext/opcache/jit/ir/gen_ir_fold_hash
#9 531.7 rm -f ext/opcache/jit/ir/minilua
#9 531.7 rm -f ext/opcache/jit/ir/ir_fold_hash.h
#9 531.7 rm -f ext/opcache/jit/ir/ir_emit_x86.h
#9 531.7 rm -f ext/opcache/jit/ir/ir_emit_aarch64.h
#9 531.8 Configuring for:
#9 531.8 PHP Version:             8.4
#9 531.8 PHP Api Version:         20240924
#9 531.8 Zend Module Api No:      20240924
#9 531.8 Zend Extension Api No:   420240924
#9 532.3 checking for grep that handles long lines and -e... /bin/grep
#9 532.4 checking for egrep... /bin/grep -E
#9 532.4 checking for a sed that does not truncate output... /bin/sed
#9 532.4 checking build system type... aarch64-unknown-linux-musl
#9 532.4 checking host system type... aarch64-unknown-linux-musl
#9 532.4 checking target system type... aarch64-unknown-linux-musl
#9 532.4 shtool:echo:Warning: unable to determine terminal sequence for bold mode
#9 532.4 shtool:echo:Warning: unable to determine terminal sequence for bold mode
#9 532.4 checking for gawk... no
#9 532.4 checking for nawk... no
#9 532.4 checking for awk... awk
#9 532.4 checking if awk is broken... no
#9 532.4 checking for pkg-config... /usr/bin/pkg-config
#9 532.4 checking pkg-config is at least version 0.9.0... yes
#9 532.4 checking for cc... cc
#9 532.4 checking whether the C compiler works... yes
#9 532.5 checking for C compiler default output file name... a.out
#9 532.5 checking for suffix of executables... 
#9 532.5 checking whether we are cross compiling... no
#9 532.5 checking for suffix of object files... o
#9 532.5 checking whether the compiler supports GNU C... yes
#9 532.6 checking whether cc accepts -g... yes
#9 532.6 checking for cc option to enable C23 features... unsupported
#9 532.6 checking for cc option to enable C11 features... none needed
#9 532.7 checking how to run the C preprocessor... cc -E
#9 532.8 checking for egrep -e... (cached) /bin/grep -E
#9 532.8 checking for icc... no
#9 532.8 checking for suncc... no
#9 532.8 checking for system library directory... lib
#9 532.8 checking if compiler supports -Wl,-rpath,... yes
#9 532.8 checking for PHP prefix... /usr/local
#9 532.8 checking for PHP includes... -I/usr/local/include/php -I/usr/local/include/php/main -I/usr/local/include/php/TSRM -I/usr/local/include/php/Zend -I/usr/local/include/php/ext -I/usr/local/include/php/ext/date/lib
#9 532.8 checking for PHP extension directory... /usr/local/lib/php/extensions/no-debug-non-zts-20240924
#9 532.8 checking for PHP installed headers prefix... /usr/local/include/php
#9 532.8 checking if debugging is enabled... no
#9 532.8 checking if PHP is built with thread safety (ZTS)... no
#9 532.8 
#9 532.8 Configuring extension
#9 532.8 checking for MySQL support for PDO... yes, shared
#9 532.8 checking for MySQL Unix socket location... 
#9 532.8 checking for PDO includes... /usr/local/include/php/ext
#9 532.8 
#9 532.8 Configuring libtool
#9 532.8 checking for a sed that does not truncate output... /bin/sed
#9 532.8 checking for ld used by cc... /usr/aarch64-alpine-linux-musl/bin/ld
#9 532.9 checking if the linker (/usr/aarch64-alpine-linux-musl/bin/ld) is GNU ld... yes
#9 532.9 checking for /usr/aarch64-alpine-linux-musl/bin/ld option to reload object files... -r
#9 532.9 checking for BSD-compatible nm... /usr/bin/nm -B
#9 532.9 checking whether ln -s works... yes
#9 532.9 checking how to recognize dependent libraries... pass_all
#9 532.9 checking for stdio.h... yes
#9 532.9 checking for stdlib.h... yes
#9 532.9 checking for string.h... yes
#9 532.9 checking for inttypes.h... yes
#9 532.9 checking for stdint.h... yes
#9 532.9 checking for strings.h... yes
#9 533.0 checking for sys/stat.h... yes
#9 533.0 checking for sys/types.h... yes
#9 533.0 checking for unistd.h... yes
#9 533.0 checking for dlfcn.h... yes
#9 533.1 checking the maximum length of command line arguments... 98304
#9 533.1 checking command to parse /usr/bin/nm -B output from cc object... ok
#9 533.1 checking for objdir... .libs
#9 533.1 checking for ar... ar
#9 533.1 checking for ranlib... ranlib
#9 533.1 checking for strip... strip
#9 533.2 checking if cc supports -fno-rtti -fno-exceptions... no
#9 533.2 checking for cc option to produce PIC... -fPIC
#9 533.2 checking if cc PIC flag -fPIC works... yes
#9 533.2 checking if cc static flag -static works... yes
#9 533.2 checking if cc supports -c -o file.o... yes
#9 533.2 checking whether the cc linker (/usr/aarch64-alpine-linux-musl/bin/ld) supports shared libraries... yes
#9 533.2 checking whether -lc should be explicitly linked in... no
#9 533.3 checking dynamic linker characteristics... GNU/Linux ld.so
#9 533.3 checking how to hardcode library paths into programs... immediate
#9 533.3 checking whether stripping libraries is possible... yes
#9 533.3 checking if libtool supports shared libraries... yes
#9 533.3 checking whether to build shared libraries... yes
#9 533.3 checking whether to build static libraries... no
#9 533.3 
#9 533.3 creating libtool
#9 533.3 appending configuration tag "CXX" to libtool
#9 533.3 
#9 533.3 Generating files
#9 533.4 configure: creating build directories
#9 533.4 configure: creating Makefile
#9 533.4 configure: patching config.h.in
#9 533.4 configure: creating ./config.status
#9 533.4 config.status: creating config.h
#9 533.4 /bin/sh /usr/src/php/ext/pdo_mysql/libtool --tag=CC --mode=compile cc -I. -I/usr/src/php/ext/pdo_mysql -I/usr/local/include/php -I/usr/local/include/php/main -I/usr/local/include/php/TSRM -I/usr/local/include/php/Zend -I/usr/local/include/php/ext -I/usr/local/include/php/ext/date/lib  -fstack-protector-strong -fpic -fpie -O2 -D_LARGEFILE_SOURCE -D_FILE_OFFSET_BITS=64 -DHAVE_CONFIG_H  -fstack-protector-strong -fpic -fpie -O2 -D_LARGEFILE_SOURCE -D_FILE_OFFSET_BITS=64 -D_GNU_SOURCE   -DZEND_ENABLE_STATIC_TSRMLS_CACHE=1 -DZEND_COMPILE_DL_EXT=1 -c /usr/src/php/ext/pdo_mysql/pdo_mysql.c -o pdo_mysql.lo  -MMD -MF pdo_mysql.dep -MT pdo_mysql.lo
#9 533.4 /bin/sh /usr/src/php/ext/pdo_mysql/libtool --tag=CC --mode=compile cc -I. -I/usr/src/php/ext/pdo_mysql -I/usr/local/include/php -I/usr/local/include/php/main -I/usr/local/include/php/TSRM -I/usr/local/include/php/Zend -I/usr/local/include/php/ext -I/usr/local/include/php/ext/date/lib  -fstack-protector-strong -fpic -fpie -O2 -D_LARGEFILE_SOURCE -D_FILE_OFFSET_BITS=64 -DHAVE_CONFIG_H  -fstack-protector-strong -fpic -fpie -O2 -D_LARGEFILE_SOURCE -D_FILE_OFFSET_BITS=64 -D_GNU_SOURCE   -DZEND_ENABLE_STATIC_TSRMLS_CACHE=1 -DZEND_COMPILE_DL_EXT=1 -c /usr/src/php/ext/pdo_mysql/mysql_driver.c -o mysql_driver.lo  -MMD -MF mysql_driver.dep -MT mysql_driver.lo
#9 533.4 /bin/sh /usr/src/php/ext/pdo_mysql/libtool --tag=CC --mode=compile cc -I. -I/usr/src/php/ext/pdo_mysql -I/usr/local/include/php -I/usr/local/include/php/main -I/usr/local/include/php/TSRM -I/usr/local/include/php/Zend -I/usr/local/include/php/ext -I/usr/local/include/php/ext/date/lib  -fstack-protector-strong -fpic -fpie -O2 -D_LARGEFILE_SOURCE -D_FILE_OFFSET_BITS=64 -DHAVE_CONFIG_H  -fstack-protector-strong -fpic -fpie -O2 -D_LARGEFILE_SOURCE -D_FILE_OFFSET_BITS=64 -D_GNU_SOURCE   -DZEND_ENABLE_STATIC_TSRMLS_CACHE=1 -DZEND_COMPILE_DL_EXT=1 -c /usr/src/php/ext/pdo_mysql/mysql_statement.c -o mysql_statement.lo  -MMD -MF mysql_statement.dep -MT mysql_statement.lo
#9 533.4 /bin/sh /usr/src/php/ext/pdo_mysql/libtool --tag=CC --mode=compile cc -I. -I/usr/src/php/ext/pdo_mysql -I/usr/local/include/php -I/usr/local/include/php/main -I/usr/local/include/php/TSRM -I/usr/local/include/php/Zend -I/usr/local/include/php/ext -I/usr/local/include/php/ext/date/lib  -fstack-protector-strong -fpic -fpie -O2 -D_LARGEFILE_SOURCE -D_FILE_OFFSET_BITS=64 -DHAVE_CONFIG_H  -fstack-protector-strong -fpic -fpie -O2 -D_LARGEFILE_SOURCE -D_FILE_OFFSET_BITS=64 -D_GNU_SOURCE   -DZEND_ENABLE_STATIC_TSRMLS_CACHE=1 -DZEND_COMPILE_DL_EXT=1 -c /usr/src/php/ext/pdo_mysql/mysql_sql_parser.c -o mysql_sql_parser.lo  -MMD -MF mysql_sql_parser.dep -MT mysql_sql_parser.lo
#9 533.5 mkdir .libs
#9 533.5 mkdir .libs
#9 533.5 mkdir: can't create directory '.libs': File exists
#9 533.5  cc -I. -I/usr/src/php/ext/pdo_mysql -I/usr/local/include/php -I/usr/local/include/php/main -I/usr/local/include/php/TSRM -I/usr/local/include/php/Zend -I/usr/local/include/php/ext -I/usr/local/include/php/ext/date/lib -fstack-protector-strong -fpic -fpie -O2 -D_LARGEFILE_SOURCE -D_FILE_OFFSET_BITS=64 -DHAVE_CONFIG_H -fstack-protector-strong -fpic -fpie -O2 -D_LARGEFILE_SOURCE -D_FILE_OFFSET_BITS=64 -D_GNU_SOURCE -DZEND_ENABLE_STATIC_TSRMLS_CACHE=1 -DZEND_COMPILE_DL_EXT=1 -c /usr/src/php/ext/pdo_mysql/mysql_sql_parser.c -MMD -MF mysql_sql_parser.dep -MT mysql_sql_parser.lo  -fPIC -DPIC -o .libs/mysql_sql_parser.o
#9 533.5  cc -I. -I/usr/src/php/ext/pdo_mysql -I/usr/local/include/php -I/usr/local/include/php/main -I/usr/local/include/php/TSRM -I/usr/local/include/php/Zend -I/usr/local/include/php/ext -I/usr/local/include/php/ext/date/lib -fstack-protector-strong -fpic -fpie -O2 -D_LARGEFILE_SOURCE -D_FILE_OFFSET_BITS=64 -DHAVE_CONFIG_H -fstack-protector-strong -fpic -fpie -O2 -D_LARGEFILE_SOURCE -D_FILE_OFFSET_BITS=64 -D_GNU_SOURCE -DZEND_ENABLE_STATIC_TSRMLS_CACHE=1 -DZEND_COMPILE_DL_EXT=1 -c /usr/src/php/ext/pdo_mysql/pdo_mysql.c -MMD -MF pdo_mysql.dep -MT pdo_mysql.lo  -fPIC -DPIC -o .libs/pdo_mysql.o
#9 533.5  cc -I. -I/usr/src/php/ext/pdo_mysql -I/usr/local/include/php -I/usr/local/include/php/main -I/usr/local/include/php/TSRM -I/usr/local/include/php/Zend -I/usr/local/include/php/ext -I/usr/local/include/php/ext/date/lib -fstack-protector-strong -fpic -fpie -O2 -D_LARGEFILE_SOURCE -D_FILE_OFFSET_BITS=64 -DHAVE_CONFIG_H -fstack-protector-strong -fpic -fpie -O2 -D_LARGEFILE_SOURCE -D_FILE_OFFSET_BITS=64 -D_GNU_SOURCE -DZEND_ENABLE_STATIC_TSRMLS_CACHE=1 -DZEND_COMPILE_DL_EXT=1 -c /usr/src/php/ext/pdo_mysql/mysql_driver.c -MMD -MF mysql_driver.dep -MT mysql_driver.lo  -fPIC -DPIC -o .libs/mysql_driver.o
#9 533.5  cc -I. -I/usr/src/php/ext/pdo_mysql -I/usr/local/include/php -I/usr/local/include/php/main -I/usr/local/include/php/TSRM -I/usr/local/include/php/Zend -I/usr/local/include/php/ext -I/usr/local/include/php/ext/date/lib -fstack-protector-strong -fpic -fpie -O2 -D_LARGEFILE_SOURCE -D_FILE_OFFSET_BITS=64 -DHAVE_CONFIG_H -fstack-protector-strong -fpic -fpie -O2 -D_LARGEFILE_SOURCE -D_FILE_OFFSET_BITS=64 -D_GNU_SOURCE -DZEND_ENABLE_STATIC_TSRMLS_CACHE=1 -DZEND_COMPILE_DL_EXT=1 -c /usr/src/php/ext/pdo_mysql/mysql_statement.c -MMD -MF mysql_statement.dep -MT mysql_statement.lo  -fPIC -DPIC -o .libs/mysql_statement.o
#9 534.1 /bin/sh /usr/src/php/ext/pdo_mysql/libtool --tag=CC --mode=link cc -shared -I/usr/local/include/php -I/usr/local/include/php/main -I/usr/local/include/php/TSRM -I/usr/local/include/php/Zend -I/usr/local/include/php/ext -I/usr/local/include/php/ext/date/lib  -fstack-protector-strong -fpic -fpie -O2 -D_LARGEFILE_SOURCE -D_FILE_OFFSET_BITS=64 -DHAVE_CONFIG_H  -fstack-protector-strong -fpic -fpie -O2 -D_LARGEFILE_SOURCE -D_FILE_OFFSET_BITS=64 -D_GNU_SOURCE  -Wl,-O1 -pie  -o pdo_mysql.la -export-dynamic -avoid-version -prefer-pic -module -rpath /usr/src/php/ext/pdo_mysql/modules  pdo_mysql.lo mysql_driver.lo mysql_statement.lo mysql_sql_parser.lo 
#9 534.1 cc -shared  .libs/pdo_mysql.o .libs/mysql_driver.o .libs/mysql_statement.o .libs/mysql_sql_parser.o   -Wl,-O1 -Wl,-soname -Wl,pdo_mysql.so -o .libs/pdo_mysql.so
#9 534.1 creating pdo_mysql.la
#9 534.1 (cd .libs && rm -f pdo_mysql.la && ln -s ../pdo_mysql.la pdo_mysql.la)
#9 534.1 /bin/sh /usr/src/php/ext/pdo_mysql/libtool --tag=CC --mode=install cp ./pdo_mysql.la /usr/src/php/ext/pdo_mysql/modules
#9 534.1 cp ./.libs/pdo_mysql.so /usr/src/php/ext/pdo_mysql/modules/pdo_mysql.so
#9 534.1 cp ./.libs/pdo_mysql.lai /usr/src/php/ext/pdo_mysql/modules/pdo_mysql.la
#9 534.1 PATH="$PATH:/sbin" ldconfig -n /usr/src/php/ext/pdo_mysql/modules
#9 534.1 ----------------------------------------------------------------------
#9 534.1 Libraries have been installed in:
#9 534.1    /usr/src/php/ext/pdo_mysql/modules
#9 534.1 
#9 534.1 If you ever happen to want to link against installed libraries
#9 534.1 in a given directory, LIBDIR, you must either use libtool, and
#9 534.1 specify the full pathname of the library, or use the `-LLIBDIR'
#9 534.1 flag during linking and do at least one of the following:
#9 534.1    - add LIBDIR to the `LD_LIBRARY_PATH' environment variable
#9 534.1      during execution
#9 534.1    - add LIBDIR to the `LD_RUN_PATH' environment variable
#9 534.1      during linking
#9 534.1    - use the `-Wl,--rpath -Wl,LIBDIR' linker flag
#9 534.1 
#9 534.1 See any operating system documentation about shared libraries for
#9 534.1 more information, such as the ld(1) and ld.so(8) manual pages.
#9 534.1 ----------------------------------------------------------------------
#9 534.1 
#9 534.1 Build complete.
#9 534.1 Don't forget to run 'make test'.
#9 534.1 
#9 534.1 + strip --strip-all modules/pdo_mysql.so
#9 534.2 Installing shared extensions:     /usr/local/lib/php/extensions/no-debug-non-zts-20240924/
#9 534.2 find . -name \*.gcno -o -name \*.gcda | xargs rm -f
#9 534.2 find . -name \*.lo -o -name \*.o -o -name \*.dep | xargs rm -f
#9 534.2 find . -name \*.la -o -name \*.a | xargs rm -f
#9 534.2 find . -name \*.so | xargs rm -f
#9 534.2 find . -name .libs -a -type d|xargs rm -rf
#9 534.2 rm -f libphp.la      modules/* libs/*
#9 534.2 rm -f ext/opcache/jit/ir/gen_ir_fold_hash
#9 534.2 rm -f ext/opcache/jit/ir/minilua
#9 534.2 rm -f ext/opcache/jit/ir/ir_fold_hash.h
#9 534.2 rm -f ext/opcache/jit/ir/ir_emit_x86.h
#9 534.2 rm -f ext/opcache/jit/ir/ir_emit_aarch64.h
#9 534.3 Configuring for:
#9 534.3 PHP Version:             8.4
#9 534.3 PHP Api Version:         20240924
#9 534.3 Zend Module Api No:      20240924
#9 534.3 Zend Extension Api No:   420240924
#9 535.0 checking for grep that handles long lines and -e... /bin/grep
#9 535.1 checking for egrep... /bin/grep -E
#9 535.1 checking for a sed that does not truncate output... /bin/sed
#9 535.1 checking build system type... aarch64-unknown-linux-musl
#9 535.1 checking host system type... aarch64-unknown-linux-musl
#9 535.1 checking target system type... aarch64-unknown-linux-musl
#9 535.1 shtool:echo:Warning: unable to determine terminal sequence for bold mode
#9 535.1 shtool:echo:Warning: unable to determine terminal sequence for bold mode
#9 535.2 checking for gawk... no
#9 535.2 checking for nawk... no
#9 535.2 checking for awk... awk
#9 535.2 checking if awk is broken... no
#9 535.2 checking for pkg-config... /usr/bin/pkg-config
#9 535.2 checking pkg-config is at least version 0.9.0... yes
#9 535.2 checking for cc... cc
#9 535.2 checking whether the C compiler works... yes
#9 535.2 checking for C compiler default output file name... a.out
#9 535.2 checking for suffix of executables... 
#9 535.2 checking whether we are cross compiling... no
#9 535.2 checking for suffix of object files... o
#9 535.3 checking whether the compiler supports GNU C... yes
#9 535.3 checking whether cc accepts -g... yes
#9 535.3 checking for cc option to enable C23 features... unsupported
#9 535.3 checking for cc option to enable C11 features... none needed
#9 535.4 checking how to run the C preprocessor... cc -E
#9 535.4 checking for egrep -e... (cached) /bin/grep -E
#9 535.4 checking for icc... no
#9 535.4 checking for suncc... no
#9 535.4 checking for system library directory... lib
#9 535.4 checking if compiler supports -Wl,-rpath,... yes
#9 535.5 checking for PHP prefix... /usr/local
#9 535.5 checking for PHP includes... -I/usr/local/include/php -I/usr/local/include/php/main -I/usr/local/include/php/TSRM -I/usr/local/include/php/Zend -I/usr/local/include/php/ext -I/usr/local/include/php/ext/date/lib
#9 535.5 checking for PHP extension directory... /usr/local/lib/php/extensions/no-debug-non-zts-20240924
#9 535.5 checking for PHP installed headers prefix... /usr/local/include/php
#9 535.5 checking if debugging is enabled... no
#9 535.5 checking if PHP is built with thread safety (ZTS)... no
#9 535.5 
#9 535.5 Configuring extension
#9 535.5 checking for PostgreSQL support for PDO... yes, shared
#9 535.5 checking for libpq >= 10.0... yes
#9 535.5 checking for PQencryptPasswordConn in -lpq... yes
#9 535.6 checking for PQresultMemorySize in -lpq... yes
#9 535.6 checking for PQclosePrepared in -lpq... yes
#9 535.6 checking for PQclosePortal in -lpq... yes
#9 535.7 checking for PDO includes... /usr/local/include/php/ext
#9 535.7 
#9 535.7 Configuring libtool
#9 535.7 checking for a sed that does not truncate output... /bin/sed
#9 535.7 checking for ld used by cc... /usr/aarch64-alpine-linux-musl/bin/ld
#9 535.7 checking if the linker (/usr/aarch64-alpine-linux-musl/bin/ld) is GNU ld... yes
#9 535.7 checking for /usr/aarch64-alpine-linux-musl/bin/ld option to reload object files... -r
#9 535.7 checking for BSD-compatible nm... /usr/bin/nm -B
#9 535.7 checking whether ln -s works... yes
#9 535.7 checking how to recognize dependent libraries... pass_all
#9 535.7 checking for stdio.h... yes
#9 535.7 checking for stdlib.h... yes
#9 535.7 checking for string.h... yes
#9 535.8 checking for inttypes.h... yes
#9 535.8 checking for stdint.h... yes
#9 535.8 checking for strings.h... yes
#9 535.8 checking for sys/stat.h... yes
#9 535.8 checking for sys/types.h... yes
#9 535.9 checking for unistd.h... yes
#9 535.9 checking for dlfcn.h... yes
#9 535.9 checking the maximum length of command line arguments... 98304
#9 535.9 checking command to parse /usr/bin/nm -B output from cc object... ok
#9 536.0 checking for objdir... .libs
#9 536.0 checking for ar... ar
#9 536.0 checking for ranlib... ranlib
#9 536.0 checking for strip... strip
#9 536.0 checking if cc supports -fno-rtti -fno-exceptions... no
#9 536.0 checking for cc option to produce PIC... -fPIC
#9 536.0 checking if cc PIC flag -fPIC works... yes
#9 536.0 checking if cc static flag -static works... yes
#9 536.1 checking if cc supports -c -o file.o... yes
#9 536.1 checking whether the cc linker (/usr/aarch64-alpine-linux-musl/bin/ld) supports shared libraries... yes
#9 536.1 checking whether -lc should be explicitly linked in... no
#9 536.1 checking dynamic linker characteristics... GNU/Linux ld.so
#9 536.1 checking how to hardcode library paths into programs... immediate
#9 536.1 checking whether stripping libraries is possible... yes
#9 536.1 checking if libtool supports shared libraries... yes
#9 536.1 checking whether to build shared libraries... yes
#9 536.1 checking whether to build static libraries... no
#9 536.2 
#9 536.2 creating libtool
#9 536.2 appending configuration tag "CXX" to libtool
#9 536.2 
#9 536.2 Generating files
#9 536.2 configure: creating build directories
#9 536.2 configure: creating Makefile
#9 536.2 configure: patching config.h.in
#9 536.2 configure: creating ./config.status
#9 536.3 config.status: creating config.h
#9 536.3 /bin/sh /usr/src/php/ext/pdo_pgsql/libtool --tag=CC --mode=compile cc -I. -I/usr/src/php/ext/pdo_pgsql -I/usr/local/include/php -I/usr/local/include/php/main -I/usr/local/include/php/TSRM -I/usr/local/include/php/Zend -I/usr/local/include/php/ext -I/usr/local/include/php/ext/date/lib -I/usr/include/postgresql  -fstack-protector-strong -fpic -fpie -O2 -D_LARGEFILE_SOURCE -D_FILE_OFFSET_BITS=64 -DHAVE_CONFIG_H  -fstack-protector-strong -fpic -fpie -O2 -D_LARGEFILE_SOURCE -D_FILE_OFFSET_BITS=64 -D_GNU_SOURCE    -DZEND_COMPILE_DL_EXT=1 -c /usr/src/php/ext/pdo_pgsql/pdo_pgsql.c -o pdo_pgsql.lo  -MMD -MF pdo_pgsql.dep -MT pdo_pgsql.lo
#9 536.3 /bin/sh /usr/src/php/ext/pdo_pgsql/libtool --tag=CC --mode=compile cc -I. -I/usr/src/php/ext/pdo_pgsql -I/usr/local/include/php -I/usr/local/include/php/main -I/usr/local/include/php/TSRM -I/usr/local/include/php/Zend -I/usr/local/include/php/ext -I/usr/local/include/php/ext/date/lib -I/usr/include/postgresql  -fstack-protector-strong -fpic -fpie -O2 -D_LARGEFILE_SOURCE -D_FILE_OFFSET_BITS=64 -DHAVE_CONFIG_H  -fstack-protector-strong -fpic -fpie -O2 -D_LARGEFILE_SOURCE -D_FILE_OFFSET_BITS=64 -D_GNU_SOURCE    -DZEND_COMPILE_DL_EXT=1 -c /usr/src/php/ext/pdo_pgsql/pgsql_driver.c -o pgsql_driver.lo  -MMD -MF pgsql_driver.dep -MT pgsql_driver.lo
#9 536.3 /bin/sh /usr/src/php/ext/pdo_pgsql/libtool --tag=CC --mode=compile cc -I. -I/usr/src/php/ext/pdo_pgsql -I/usr/local/include/php -I/usr/local/include/php/main -I/usr/local/include/php/TSRM -I/usr/local/include/php/Zend -I/usr/local/include/php/ext -I/usr/local/include/php/ext/date/lib -I/usr/include/postgresql  -fstack-protector-strong -fpic -fpie -O2 -D_LARGEFILE_SOURCE -D_FILE_OFFSET_BITS=64 -DHAVE_CONFIG_H  -fstack-protector-strong -fpic -fpie -O2 -D_LARGEFILE_SOURCE -D_FILE_OFFSET_BITS=64 -D_GNU_SOURCE    -DZEND_COMPILE_DL_EXT=1 -c /usr/src/php/ext/pdo_pgsql/pgsql_statement.c -o pgsql_statement.lo  -MMD -MF pgsql_statement.dep -MT pgsql_statement.lo
#9 536.3 /bin/sh /usr/src/php/ext/pdo_pgsql/libtool --tag=CC --mode=compile cc -I. -I/usr/src/php/ext/pdo_pgsql -I/usr/local/include/php -I/usr/local/include/php/main -I/usr/local/include/php/TSRM -I/usr/local/include/php/Zend -I/usr/local/include/php/ext -I/usr/local/include/php/ext/date/lib -I/usr/include/postgresql  -fstack-protector-strong -fpic -fpie -O2 -D_LARGEFILE_SOURCE -D_FILE_OFFSET_BITS=64 -DHAVE_CONFIG_H  -fstack-protector-strong -fpic -fpie -O2 -D_LARGEFILE_SOURCE -D_FILE_OFFSET_BITS=64 -D_GNU_SOURCE    -DZEND_COMPILE_DL_EXT=1 -c /usr/src/php/ext/pdo_pgsql/pgsql_sql_parser.c -o pgsql_sql_parser.lo  -MMD -MF pgsql_sql_parser.dep -MT pgsql_sql_parser.lo
#9 536.3 mkdir .libs
#9 536.3  cc -I. -I/usr/src/php/ext/pdo_pgsql -I/usr/local/include/php -I/usr/local/include/php/main -I/usr/local/include/php/TSRM -I/usr/local/include/php/Zend -I/usr/local/include/php/ext -I/usr/local/include/php/ext/date/lib -I/usr/include/postgresql -fstack-protector-strong -fpic -fpie -O2 -D_LARGEFILE_SOURCE -D_FILE_OFFSET_BITS=64 -DHAVE_CONFIG_H -fstack-protector-strong -fpic -fpie -O2 -D_LARGEFILE_SOURCE -D_FILE_OFFSET_BITS=64 -D_GNU_SOURCE -DZEND_COMPILE_DL_EXT=1 -c /usr/src/php/ext/pdo_pgsql/pgsql_driver.c -MMD -MF pgsql_driver.dep -MT pgsql_driver.lo  -fPIC -DPIC -o .libs/pgsql_driver.o
#9 536.3  cc -I. -I/usr/src/php/ext/pdo_pgsql -I/usr/local/include/php -I/usr/local/include/php/main -I/usr/local/include/php/TSRM -I/usr/local/include/php/Zend -I/usr/local/include/php/ext -I/usr/local/include/php/ext/date/lib -I/usr/include/postgresql -fstack-protector-strong -fpic -fpie -O2 -D_LARGEFILE_SOURCE -D_FILE_OFFSET_BITS=64 -DHAVE_CONFIG_H -fstack-protector-strong -fpic -fpie -O2 -D_LARGEFILE_SOURCE -D_FILE_OFFSET_BITS=64 -D_GNU_SOURCE -DZEND_COMPILE_DL_EXT=1 -c /usr/src/php/ext/pdo_pgsql/pdo_pgsql.c -MMD -MF pdo_pgsql.dep -MT pdo_pgsql.lo  -fPIC -DPIC -o .libs/pdo_pgsql.o
#9 536.3  cc -I. -I/usr/src/php/ext/pdo_pgsql -I/usr/local/include/php -I/usr/local/include/php/main -I/usr/local/include/php/TSRM -I/usr/local/include/php/Zend -I/usr/local/include/php/ext -I/usr/local/include/php/ext/date/lib -I/usr/include/postgresql -fstack-protector-strong -fpic -fpie -O2 -D_LARGEFILE_SOURCE -D_FILE_OFFSET_BITS=64 -DHAVE_CONFIG_H -fstack-protector-strong -fpic -fpie -O2 -D_LARGEFILE_SOURCE -D_FILE_OFFSET_BITS=64 -D_GNU_SOURCE -DZEND_COMPILE_DL_EXT=1 -c /usr/src/php/ext/pdo_pgsql/pgsql_statement.c -MMD -MF pgsql_statement.dep -MT pgsql_statement.lo  -fPIC -DPIC -o .libs/pgsql_statement.o
#9 536.3  cc -I. -I/usr/src/php/ext/pdo_pgsql -I/usr/local/include/php -I/usr/local/include/php/main -I/usr/local/include/php/TSRM -I/usr/local/include/php/Zend -I/usr/local/include/php/ext -I/usr/local/include/php/ext/date/lib -I/usr/include/postgresql -fstack-protector-strong -fpic -fpie -O2 -D_LARGEFILE_SOURCE -D_FILE_OFFSET_BITS=64 -DHAVE_CONFIG_H -fstack-protector-strong -fpic -fpie -O2 -D_LARGEFILE_SOURCE -D_FILE_OFFSET_BITS=64 -D_GNU_SOURCE -DZEND_COMPILE_DL_EXT=1 -c /usr/src/php/ext/pdo_pgsql/pgsql_sql_parser.c -MMD -MF pgsql_sql_parser.dep -MT pgsql_sql_parser.lo  -fPIC -DPIC -o .libs/pgsql_sql_parser.o
#9 537.1 /bin/sh /usr/src/php/ext/pdo_pgsql/libtool --tag=CC --mode=link cc -shared -I/usr/local/include/php -I/usr/local/include/php/main -I/usr/local/include/php/TSRM -I/usr/local/include/php/Zend -I/usr/local/include/php/ext -I/usr/local/include/php/ext/date/lib -I/usr/include/postgresql  -fstack-protector-strong -fpic -fpie -O2 -D_LARGEFILE_SOURCE -D_FILE_OFFSET_BITS=64 -DHAVE_CONFIG_H  -fstack-protector-strong -fpic -fpie -O2 -D_LARGEFILE_SOURCE -D_FILE_OFFSET_BITS=64 -D_GNU_SOURCE  -Wl,-O1 -pie  -o pdo_pgsql.la -export-dynamic -avoid-version -prefer-pic -module -rpath /usr/src/php/ext/pdo_pgsql/modules  pdo_pgsql.lo pgsql_driver.lo pgsql_statement.lo pgsql_sql_parser.lo -lpq
#9 537.1 cc -shared  .libs/pdo_pgsql.o .libs/pgsql_driver.o .libs/pgsql_statement.o .libs/pgsql_sql_parser.o  -lpq  -Wl,-O1 -Wl,-soname -Wl,pdo_pgsql.so -o .libs/pdo_pgsql.so
#9 537.2 creating pdo_pgsql.la
#9 537.2 (cd .libs && rm -f pdo_pgsql.la && ln -s ../pdo_pgsql.la pdo_pgsql.la)
#9 537.2 /bin/sh /usr/src/php/ext/pdo_pgsql/libtool --tag=CC --mode=install cp ./pdo_pgsql.la /usr/src/php/ext/pdo_pgsql/modules
#9 537.2 cp ./.libs/pdo_pgsql.so /usr/src/php/ext/pdo_pgsql/modules/pdo_pgsql.so
#9 537.2 cp ./.libs/pdo_pgsql.lai /usr/src/php/ext/pdo_pgsql/modules/pdo_pgsql.la
#9 537.2 PATH="$PATH:/sbin" ldconfig -n /usr/src/php/ext/pdo_pgsql/modules
#9 537.2 ----------------------------------------------------------------------
#9 537.2 Libraries have been installed in:
#9 537.2    /usr/src/php/ext/pdo_pgsql/modules
#9 537.2 
#9 537.2 If you ever happen to want to link against installed libraries
#9 537.2 in a given directory, LIBDIR, you must either use libtool, and
#9 537.2 specify the full pathname of the library, or use the `-LLIBDIR'
#9 537.2 flag during linking and do at least one of the following:
#9 537.2    - add LIBDIR to the `LD_LIBRARY_PATH' environment variable
#9 537.2      during execution
#9 537.2    - add LIBDIR to the `LD_RUN_PATH' environment variable
#9 537.2      during linking
#9 537.2    - use the `-Wl,--rpath -Wl,LIBDIR' linker flag
#9 537.2 
#9 537.2 See any operating system documentation about shared libraries for
#9 537.2 more information, such as the ld(1) and ld.so(8) manual pages.
#9 537.2 ----------------------------------------------------------------------
#9 537.2 
#9 537.2 Build complete.
#9 537.2 Don't forget to run 'make test'.
#9 537.2 
#9 537.2 + strip --strip-all modules/pdo_pgsql.so
#9 537.2 Installing shared extensions:     /usr/local/lib/php/extensions/no-debug-non-zts-20240924/
#9 537.3 find . -name \*.gcno -o -name \*.gcda | xargs rm -f
#9 537.3 find . -name \*.lo -o -name \*.o -o -name \*.dep | xargs rm -f
#9 537.3 find . -name \*.la -o -name \*.a | xargs rm -f
#9 537.3 find . -name \*.so | xargs rm -f
#9 537.3 find . -name .libs -a -type d|xargs rm -rf
#9 537.3 rm -f libphp.la      modules/* libs/*
#9 537.3 rm -f ext/opcache/jit/ir/gen_ir_fold_hash
#9 537.3 rm -f ext/opcache/jit/ir/minilua
#9 537.3 rm -f ext/opcache/jit/ir/ir_fold_hash.h
#9 537.3 rm -f ext/opcache/jit/ir/ir_emit_x86.h
#9 537.3 rm -f ext/opcache/jit/ir/ir_emit_aarch64.h
#9 537.3 Configuring for:
#9 537.3 PHP Version:             8.4
#9 537.3 PHP Api Version:         20240924
#9 537.3 Zend Module Api No:      20240924
#9 537.3 Zend Extension Api No:   420240924
#9 537.8 checking for grep that handles long lines and -e... /bin/grep
#9 537.9 checking for egrep... /bin/grep -E
#9 537.9 checking for a sed that does not truncate output... /bin/sed
#9 537.9 checking build system type... aarch64-unknown-linux-musl
#9 537.9 checking host system type... aarch64-unknown-linux-musl
#9 537.9 checking target system type... aarch64-unknown-linux-musl
#9 537.9 shtool:echo:Warning: unable to determine terminal sequence for bold mode
#9 537.9 shtool:echo:Warning: unable to determine terminal sequence for bold mode
#9 537.9 checking for gawk... no
#9 537.9 checking for nawk... no
#9 537.9 checking for awk... awk
#9 537.9 checking if awk is broken... no
#9 537.9 checking for pkg-config... /usr/bin/pkg-config
#9 537.9 checking pkg-config is at least version 0.9.0... yes
#9 537.9 checking for cc... cc
#9 537.9 checking whether the C compiler works... yes
#9 538.0 checking for C compiler default output file name... a.out
#9 538.0 checking for suffix of executables... 
#9 538.0 checking whether we are cross compiling... no
#9 538.0 checking for suffix of object files... o
#9 538.0 checking whether the compiler supports GNU C... yes
#9 538.0 checking whether cc accepts -g... yes
#9 538.1 checking for cc option to enable C23 features... unsupported
#9 538.1 checking for cc option to enable C11 features... none needed
#9 538.1 checking how to run the C preprocessor... cc -E
#9 538.2 checking for egrep -e... (cached) /bin/grep -E
#9 538.2 checking for icc... no
#9 538.2 checking for suncc... no
#9 538.2 checking for system library directory... lib
#9 538.2 checking if compiler supports -Wl,-rpath,... yes
#9 538.2 checking for PHP prefix... /usr/local
#9 538.2 checking for PHP includes... -I/usr/local/include/php -I/usr/local/include/php/main -I/usr/local/include/php/TSRM -I/usr/local/include/php/Zend -I/usr/local/include/php/ext -I/usr/local/include/php/ext/date/lib
#9 538.2 checking for PHP extension directory... /usr/local/lib/php/extensions/no-debug-non-zts-20240924
#9 538.2 checking for PHP installed headers prefix... /usr/local/include/php
#9 538.2 checking if debugging is enabled... no
#9 538.2 checking if PHP is built with thread safety (ZTS)... no
#9 538.3 
#9 538.3 Configuring extension
#9 538.3 checking for PostgreSQL support... yes, shared
#9 538.3 checking for libpq >= 10.0... yes
#9 538.3 checking for PQencryptPasswordConn in -lpq... yes
#9 538.3 checking for PQresultMemorySize in -lpq... yes
#9 538.3 checking for PQchangePassword in -lpq... yes
#9 538.4 checking for PQsocketPoll in -lpq... yes
#9 538.4 checking for cc options to detect undeclared functions... none needed
#9 538.4 checking for cc options to ignore future-version functions... none needed
#9 538.5 checking whether PGRES_TUPLES_CHUNK is declared... yes
#9 538.5 checking for PQsetChunkedRowsMode in -lpq... yes
#9 538.5 checking if PGVerbosity enum has PQERRORS_SQLSTATE... yes
#9 538.6 
#9 538.6 Configuring libtool
#9 538.6 checking for a sed that does not truncate output... /bin/sed
#9 538.6 checking for ld used by cc... /usr/aarch64-alpine-linux-musl/bin/ld
#9 538.6 checking if the linker (/usr/aarch64-alpine-linux-musl/bin/ld) is GNU ld... yes
#9 538.6 checking for /usr/aarch64-alpine-linux-musl/bin/ld option to reload object files... -r
#9 538.6 checking for BSD-compatible nm... /usr/bin/nm -B
#9 538.6 checking whether ln -s works... yes
#9 538.6 checking how to recognize dependent libraries... pass_all
#9 538.6 checking for stdio.h... yes
#9 538.6 checking for stdlib.h... yes
#9 538.6 checking for string.h... yes
#9 538.6 checking for inttypes.h... yes
#9 538.6 checking for stdint.h... yes
#9 538.6 checking for strings.h... yes
#9 538.7 checking for sys/stat.h... yes
#9 538.7 checking for sys/types.h... yes
#9 538.7 checking for unistd.h... yes
#9 538.7 checking for dlfcn.h... yes
#9 538.7 checking the maximum length of command line arguments... 98304
#9 538.8 checking command to parse /usr/bin/nm -B output from cc object... ok
#9 538.8 checking for objdir... .libs
#9 538.8 checking for ar... ar
#9 538.8 checking for ranlib... ranlib
#9 538.8 checking for strip... strip
#9 538.8 checking if cc supports -fno-rtti -fno-exceptions... no
#9 538.8 checking for cc option to produce PIC... -fPIC
#9 538.8 checking if cc PIC flag -fPIC works... yes
#9 538.9 checking if cc static flag -static works... yes
#9 538.9 checking if cc supports -c -o file.o... yes
#9 538.9 checking whether the cc linker (/usr/aarch64-alpine-linux-musl/bin/ld) supports shared libraries... yes
#9 538.9 checking whether -lc should be explicitly linked in... no
#9 538.9 checking dynamic linker characteristics... GNU/Linux ld.so
#9 538.9 checking how to hardcode library paths into programs... immediate
#9 538.9 checking whether stripping libraries is possible... yes
#9 538.9 checking if libtool supports shared libraries... yes
#9 538.9 checking whether to build shared libraries... yes
#9 538.9 checking whether to build static libraries... no
#9 539.0 
#9 539.0 creating libtool
#9 539.0 appending configuration tag "CXX" to libtool
#9 539.0 
#9 539.0 Generating files
#9 539.0 configure: creating build directories
#9 539.0 configure: creating Makefile
#9 539.0 configure: patching config.h.in
#9 539.0 configure: creating ./config.status
#9 539.1 config.status: creating config.h
#9 539.1 /bin/sh /usr/src/php/ext/pgsql/libtool --tag=CC --mode=compile cc -I. -I/usr/src/php/ext/pgsql -I/usr/local/include/php -I/usr/local/include/php/main -I/usr/local/include/php/TSRM -I/usr/local/include/php/Zend -I/usr/local/include/php/ext -I/usr/local/include/php/ext/date/lib -I/usr/include/postgresql  -fstack-protector-strong -fpic -fpie -O2 -D_LARGEFILE_SOURCE -D_FILE_OFFSET_BITS=64 -DHAVE_CONFIG_H  -fstack-protector-strong -fpic -fpie -O2 -D_LARGEFILE_SOURCE -D_FILE_OFFSET_BITS=64 -D_GNU_SOURCE   -DZEND_ENABLE_STATIC_TSRMLS_CACHE=1 -DZEND_COMPILE_DL_EXT=1 -c /usr/src/php/ext/pgsql/pgsql.c -o pgsql.lo  -MMD -MF pgsql.dep -MT pgsql.lo
#9 539.1 mkdir .libs
#9 539.1  cc -I. -I/usr/src/php/ext/pgsql -I/usr/local/include/php -I/usr/local/include/php/main -I/usr/local/include/php/TSRM -I/usr/local/include/php/Zend -I/usr/local/include/php/ext -I/usr/local/include/php/ext/date/lib -I/usr/include/postgresql -fstack-protector-strong -fpic -fpie -O2 -D_LARGEFILE_SOURCE -D_FILE_OFFSET_BITS=64 -DHAVE_CONFIG_H -fstack-protector-strong -fpic -fpie -O2 -D_LARGEFILE_SOURCE -D_FILE_OFFSET_BITS=64 -D_GNU_SOURCE -DZEND_ENABLE_STATIC_TSRMLS_CACHE=1 -DZEND_COMPILE_DL_EXT=1 -c /usr/src/php/ext/pgsql/pgsql.c -MMD -MF pgsql.dep -MT pgsql.lo  -fPIC -DPIC -o .libs/pgsql.o
#9 542.3 /bin/sh /usr/src/php/ext/pgsql/libtool --tag=CC --mode=link cc -shared -I/usr/local/include/php -I/usr/local/include/php/main -I/usr/local/include/php/TSRM -I/usr/local/include/php/Zend -I/usr/local/include/php/ext -I/usr/local/include/php/ext/date/lib -I/usr/include/postgresql  -fstack-protector-strong -fpic -fpie -O2 -D_LARGEFILE_SOURCE -D_FILE_OFFSET_BITS=64 -DHAVE_CONFIG_H  -fstack-protector-strong -fpic -fpie -O2 -D_LARGEFILE_SOURCE -D_FILE_OFFSET_BITS=64 -D_GNU_SOURCE  -Wl,-O1 -pie  -o pgsql.la -export-dynamic -avoid-version -prefer-pic -module -rpath /usr/src/php/ext/pgsql/modules  pgsql.lo -lpq
#9 542.3 cc -shared  .libs/pgsql.o  -lpq  -Wl,-O1 -Wl,-soname -Wl,pgsql.so -o .libs/pgsql.so
#9 542.3 creating pgsql.la
#9 542.4 (cd .libs && rm -f pgsql.la && ln -s ../pgsql.la pgsql.la)
#9 542.4 /bin/sh /usr/src/php/ext/pgsql/libtool --tag=CC --mode=install cp ./pgsql.la /usr/src/php/ext/pgsql/modules
#9 542.4 cp ./.libs/pgsql.so /usr/src/php/ext/pgsql/modules/pgsql.so
#9 542.4 cp ./.libs/pgsql.lai /usr/src/php/ext/pgsql/modules/pgsql.la
#9 542.4 PATH="$PATH:/sbin" ldconfig -n /usr/src/php/ext/pgsql/modules
#9 542.4 ----------------------------------------------------------------------
#9 542.4 Libraries have been installed in:
#9 542.4    /usr/src/php/ext/pgsql/modules
#9 542.4 
#9 542.4 If you ever happen to want to link against installed libraries
#9 542.4 in a given directory, LIBDIR, you must either use libtool, and
#9 542.4 specify the full pathname of the library, or use the `-LLIBDIR'
#9 542.4 flag during linking and do at least one of the following:
#9 542.4    - add LIBDIR to the `LD_LIBRARY_PATH' environment variable
#9 542.4      during execution
#9 542.4    - add LIBDIR to the `LD_RUN_PATH' environment variable
#9 542.4      during linking
#9 542.4    - use the `-Wl,--rpath -Wl,LIBDIR' linker flag
#9 542.4 
#9 542.4 See any operating system documentation about shared libraries for
#9 542.4 more information, such as the ld(1) and ld.so(8) manual pages.
#9 542.4 ----------------------------------------------------------------------
#9 542.4 
#9 542.4 Build complete.
#9 542.4 Don't forget to run 'make test'.
#9 542.4 
#9 542.4 + strip --strip-all modules/pgsql.so
#9 542.5 Installing shared extensions:     /usr/local/lib/php/extensions/no-debug-non-zts-20240924/
#9 542.6 find . -name \*.gcno -o -name \*.gcda | xargs rm -f
#9 542.6 find . -name \*.lo -o -name \*.o -o -name \*.dep | xargs rm -f
#9 542.6 find . -name \*.la -o -name \*.a | xargs rm -f
#9 542.6 find . -name \*.so | xargs rm -f
#9 542.6 find . -name .libs -a -type d|xargs rm -rf
#9 542.6 rm -f libphp.la      modules/* libs/*
#9 542.6 rm -f ext/opcache/jit/ir/gen_ir_fold_hash
#9 542.6 rm -f ext/opcache/jit/ir/minilua
#9 542.6 rm -f ext/opcache/jit/ir/ir_fold_hash.h
#9 542.6 rm -f ext/opcache/jit/ir/ir_emit_x86.h
#9 542.6 rm -f ext/opcache/jit/ir/ir_emit_aarch64.h
#9 542.6 Configuring for:
#9 542.6 PHP Version:             8.4
#9 542.6 PHP Api Version:         20240924
#9 542.6 Zend Module Api No:      20240924
#9 542.6 Zend Extension Api No:   420240924
#9 543.2 checking for grep that handles long lines and -e... /bin/grep
#9 543.2 checking for egrep... /bin/grep -E
#9 543.2 checking for a sed that does not truncate output... /bin/sed
#9 543.2 checking build system type... aarch64-unknown-linux-musl
#9 543.2 checking host system type... aarch64-unknown-linux-musl
#9 543.2 checking target system type... aarch64-unknown-linux-musl
#9 543.2 shtool:echo:Warning: unable to determine terminal sequence for bold mode
#9 543.3 shtool:echo:Warning: unable to determine terminal sequence for bold mode
#9 543.3 checking for gawk... no
#9 543.3 checking for nawk... no
#9 543.3 checking for awk... awk
#9 543.3 checking if awk is broken... no
#9 543.3 checking for pkg-config... /usr/bin/pkg-config
#9 543.3 checking pkg-config is at least version 0.9.0... yes
#9 543.3 checking for cc... cc
#9 543.3 checking whether the C compiler works... yes
#9 543.3 checking for C compiler default output file name... a.out
#9 543.3 checking for suffix of executables... 
#9 543.3 checking whether we are cross compiling... no
#9 543.4 checking for suffix of object files... o
#9 543.4 checking whether the compiler supports GNU C... yes
#9 543.4 checking whether cc accepts -g... yes
#9 543.4 checking for cc option to enable C23 features... unsupported
#9 543.5 checking for cc option to enable C11 features... none needed
#9 543.5 checking how to run the C preprocessor... cc -E
#9 543.6 checking for egrep -e... (cached) /bin/grep -E
#9 543.6 checking for icc... no
#9 543.6 checking for suncc... no
#9 543.6 checking for system library directory... lib
#9 543.6 checking if compiler supports -Wl,-rpath,... yes
#9 543.6 checking for PHP prefix... /usr/local
#9 543.6 checking for PHP includes... -I/usr/local/include/php -I/usr/local/include/php/main -I/usr/local/include/php/TSRM -I/usr/local/include/php/Zend -I/usr/local/include/php/ext -I/usr/local/include/php/ext/date/lib
#9 543.6 checking for PHP extension directory... /usr/local/lib/php/extensions/no-debug-non-zts-20240924
#9 543.6 checking for PHP installed headers prefix... /usr/local/include/php
#9 543.6 checking if debugging is enabled... no
#9 543.6 checking if PHP is built with thread safety (ZTS)... no
#9 543.7 
#9 543.7 Configuring extension
#9 543.7 checking for zip archive read/write support... yes, shared
#9 543.7 checking for libzip >= 0.11 libzip != 1.3.1 libzip != 1.7.0... yes
#9 543.7 checking for zip_file_set_mtime in -lzip... yes
#9 543.7 checking for zip_file_set_encryption in -lzip... yes
#9 543.7 checking for zip_libzip_version in -lzip... yes
#9 543.8 checking for zip_register_progress_callback_with_state in -lzip... yes
#9 543.8 checking for zip_register_cancel_callback_with_state in -lzip... yes
#9 543.9 checking for zip_compression_method_supported in -lzip... yes
#9 543.9 
#9 543.9 Configuring libtool
#9 543.9 checking for a sed that does not truncate output... /bin/sed
#9 543.9 checking for ld used by cc... /usr/aarch64-alpine-linux-musl/bin/ld
#9 543.9 checking if the linker (/usr/aarch64-alpine-linux-musl/bin/ld) is GNU ld... yes
#9 543.9 checking for /usr/aarch64-alpine-linux-musl/bin/ld option to reload object files... -r
#9 543.9 checking for BSD-compatible nm... /usr/bin/nm -B
#9 543.9 checking whether ln -s works... yes
#9 543.9 checking how to recognize dependent libraries... pass_all
#9 543.9 checking for stdio.h... yes
#9 543.9 checking for stdlib.h... yes
#9 544.0 checking for string.h... yes
#9 544.0 checking for inttypes.h... yes
#9 544.0 checking for stdint.h... yes
#9 544.0 checking for strings.h... yes
#9 544.0 checking for sys/stat.h... yes
#9 544.1 checking for sys/types.h... yes
#9 544.1 checking for unistd.h... yes
#9 544.2 checking for dlfcn.h... yes
#9 544.2 checking the maximum length of command line arguments... 98304
#9 544.2 checking command to parse /usr/bin/nm -B output from cc object... ok
#9 544.3 checking for objdir... .libs
#9 544.3 checking for ar... ar
#9 544.3 checking for ranlib... ranlib
#9 544.3 checking for strip... strip
#9 544.3 checking if cc supports -fno-rtti -fno-exceptions... no
#9 544.3 checking for cc option to produce PIC... -fPIC
#9 544.3 checking if cc PIC flag -fPIC works... yes
#9 544.3 checking if cc static flag -static works... yes
#9 544.3 checking if cc supports -c -o file.o... yes
#9 544.4 checking whether the cc linker (/usr/aarch64-alpine-linux-musl/bin/ld) supports shared libraries... yes
#9 544.4 checking whether -lc should be explicitly linked in... no
#9 544.4 checking dynamic linker characteristics... GNU/Linux ld.so
#9 544.4 checking how to hardcode library paths into programs... immediate
#9 544.4 checking whether stripping libraries is possible... yes
#9 544.4 checking if libtool supports shared libraries... yes
#9 544.4 checking whether to build shared libraries... yes
#9 544.4 checking whether to build static libraries... no
#9 544.4 
#9 544.4 creating libtool
#9 544.5 appending configuration tag "CXX" to libtool
#9 544.5 
#9 544.5 Generating files
#9 544.5 configure: creating build directories
#9 544.5 configure: creating Makefile
#9 544.5 configure: patching config.h.in
#9 544.5 configure: creating ./config.status
#9 544.5 config.status: creating config.h
#9 544.5 /bin/sh /usr/src/php/ext/zip/libtool --tag=CC --mode=compile cc -I. -I/usr/src/php/ext/zip -I/usr/local/include/php -I/usr/local/include/php/main -I/usr/local/include/php/TSRM -I/usr/local/include/php/Zend -I/usr/local/include/php/ext -I/usr/local/include/php/ext/date/lib  -fstack-protector-strong -fpic -fpie -O2 -D_LARGEFILE_SOURCE -D_FILE_OFFSET_BITS=64 -DHAVE_CONFIG_H  -fstack-protector-strong -fpic -fpie -O2 -D_LARGEFILE_SOURCE -D_FILE_OFFSET_BITS=64 -D_GNU_SOURCE    -DZEND_COMPILE_DL_EXT=1 -c /usr/src/php/ext/zip/php_zip.c -o php_zip.lo  -MMD -MF php_zip.dep -MT php_zip.lo
#9 544.5 /bin/sh /usr/src/php/ext/zip/libtool --tag=CC --mode=compile cc -I. -I/usr/src/php/ext/zip -I/usr/local/include/php -I/usr/local/include/php/main -I/usr/local/include/php/TSRM -I/usr/local/include/php/Zend -I/usr/local/include/php/ext -I/usr/local/include/php/ext/date/lib  -fstack-protector-strong -fpic -fpie -O2 -D_LARGEFILE_SOURCE -D_FILE_OFFSET_BITS=64 -DHAVE_CONFIG_H  -fstack-protector-strong -fpic -fpie -O2 -D_LARGEFILE_SOURCE -D_FILE_OFFSET_BITS=64 -D_GNU_SOURCE    -DZEND_COMPILE_DL_EXT=1 -c /usr/src/php/ext/zip/zip_stream.c -o zip_stream.lo  -MMD -MF zip_stream.dep -MT zip_stream.lo
#9 544.6 mkdir .libs
#9 544.6  cc -I. -I/usr/src/php/ext/zip -I/usr/local/include/php -I/usr/local/include/php/main -I/usr/local/include/php/TSRM -I/usr/local/include/php/Zend -I/usr/local/include/php/ext -I/usr/local/include/php/ext/date/lib -fstack-protector-strong -fpic -fpie -O2 -D_LARGEFILE_SOURCE -D_FILE_OFFSET_BITS=64 -DHAVE_CONFIG_H -fstack-protector-strong -fpic -fpie -O2 -D_LARGEFILE_SOURCE -D_FILE_OFFSET_BITS=64 -D_GNU_SOURCE -DZEND_COMPILE_DL_EXT=1 -c /usr/src/php/ext/zip/php_zip.c -MMD -MF php_zip.dep -MT php_zip.lo  -fPIC -DPIC -o .libs/php_zip.o
#9 544.6  cc -I. -I/usr/src/php/ext/zip -I/usr/local/include/php -I/usr/local/include/php/main -I/usr/local/include/php/TSRM -I/usr/local/include/php/Zend -I/usr/local/include/php/ext -I/usr/local/include/php/ext/date/lib -fstack-protector-strong -fpic -fpie -O2 -D_LARGEFILE_SOURCE -D_FILE_OFFSET_BITS=64 -DHAVE_CONFIG_H -fstack-protector-strong -fpic -fpie -O2 -D_LARGEFILE_SOURCE -D_FILE_OFFSET_BITS=64 -D_GNU_SOURCE -DZEND_COMPILE_DL_EXT=1 -c /usr/src/php/ext/zip/zip_stream.c -MMD -MF zip_stream.dep -MT zip_stream.lo  -fPIC -DPIC -o .libs/zip_stream.o
#9 546.4 /bin/sh /usr/src/php/ext/zip/libtool --tag=CC --mode=link cc -shared -I/usr/local/include/php -I/usr/local/include/php/main -I/usr/local/include/php/TSRM -I/usr/local/include/php/Zend -I/usr/local/include/php/ext -I/usr/local/include/php/ext/date/lib  -fstack-protector-strong -fpic -fpie -O2 -D_LARGEFILE_SOURCE -D_FILE_OFFSET_BITS=64 -DHAVE_CONFIG_H  -fstack-protector-strong -fpic -fpie -O2 -D_LARGEFILE_SOURCE -D_FILE_OFFSET_BITS=64 -D_GNU_SOURCE  -Wl,-O1 -pie  -o zip.la -export-dynamic -avoid-version -prefer-pic -module -rpath /usr/src/php/ext/zip/modules  php_zip.lo zip_stream.lo -lzip
#9 546.5 cc -shared  .libs/php_zip.o .libs/zip_stream.o  -lzip  -Wl,-O1 -Wl,-soname -Wl,zip.so -o .libs/zip.so
#9 546.6 creating zip.la
#9 546.6 (cd .libs && rm -f zip.la && ln -s ../zip.la zip.la)
#9 546.6 /bin/sh /usr/src/php/ext/zip/libtool --tag=CC --mode=install cp ./zip.la /usr/src/php/ext/zip/modules
#9 546.6 cp ./.libs/zip.so /usr/src/php/ext/zip/modules/zip.so
#9 546.6 cp ./.libs/zip.lai /usr/src/php/ext/zip/modules/zip.la
#9 546.6 PATH="$PATH:/sbin" ldconfig -n /usr/src/php/ext/zip/modules
#9 546.6 ----------------------------------------------------------------------
#9 546.6 Libraries have been installed in:
#9 546.6    /usr/src/php/ext/zip/modules
#9 546.6 
#9 546.6 If you ever happen to want to link against installed libraries
#9 546.6 in a given directory, LIBDIR, you must either use libtool, and
#9 546.6 specify the full pathname of the library, or use the `-LLIBDIR'
#9 546.6 flag during linking and do at least one of the following:
#9 546.6    - add LIBDIR to the `LD_LIBRARY_PATH' environment variable
#9 546.6      during execution
#9 546.6    - add LIBDIR to the `LD_RUN_PATH' environment variable
#9 546.6      during linking
#9 546.6    - use the `-Wl,--rpath -Wl,LIBDIR' linker flag
#9 546.6 
#9 546.6 See any operating system documentation about shared libraries for
#9 546.6 more information, such as the ld(1) and ld.so(8) manual pages.
#9 546.6 ----------------------------------------------------------------------
#9 546.6 
#9 546.6 Build complete.
#9 546.6 Don't forget to run 'make test'.
#9 546.6 
#9 546.7 + strip --strip-all modules/zip.so
#9 546.7 Installing shared extensions:     /usr/local/lib/php/extensions/no-debug-non-zts-20240924/
#9 546.8 find . -name \*.gcno -o -name \*.gcda | xargs rm -f
#9 546.8 find . -name \*.lo -o -name \*.o -o -name \*.dep | xargs rm -f
#9 546.8 find . -name \*.la -o -name \*.a | xargs rm -f
#9 546.8 find . -name \*.so | xargs rm -f
#9 546.8 find . -name .libs -a -type d|xargs rm -rf
#9 546.8 rm -f libphp.la      modules/* libs/*
#9 546.8 rm -f ext/opcache/jit/ir/gen_ir_fold_hash
#9 546.8 rm -f ext/opcache/jit/ir/minilua
#9 546.8 rm -f ext/opcache/jit/ir/ir_fold_hash.h
#9 546.8 rm -f ext/opcache/jit/ir/ir_emit_x86.h
#9 546.8 rm -f ext/opcache/jit/ir/ir_emit_aarch64.h
#9 547.1 ( 1/24) Purging .phpize-deps-configure (20261001.172832)
#9 547.1 ( 2/24) Purging autoconf (2.73-r0)
#9 547.1 ( 3/24) Purging m4 (1.4.20-r1)
#9 547.1 ( 4/24) Purging dpkg-dev (1.23.7-r0)
#9 547.1 ( 5/24) Purging dpkg (1.23.7-r0)
#9 547.1 ( 6/24) Purging file (5.47-r2)
#9 547.1 ( 7/24) Purging g++ (15.2.0-r5)
#9 547.1 ( 8/24) Purging gcc (15.2.0-r5)
#9 547.2 ( 9/24) Purging binutils (2.45.1-r1)
#9 547.2 (10/24) Purging libatomic (15.2.0-r5)
#9 547.2 (11/24) Purging libgomp (15.2.0-r5)
#9 547.2 (12/24) Purging make (4.4.1-r4)
#9 547.2 (13/24) Purging re2c (4.5.1-r0)
#9 547.2 (14/24) Purging git-perl (2.54.0-r0)
#9 547.2 (15/24) Purging perl-git (2.54.0-r0)
#9 547.2 (16/24) Purging perl-error (0.17030-r0)
#9 547.2 (17/24) Purging perl (5.42.2-r1)
#9 547.2 (18/24) Purging isl26 (0.26-r2)
#9 547.2 (19/24) Purging jansson (2.15.0-r0)
#9 547.2 (20/24) Purging libmagic (5.47-r2)
#9 547.2 (21/24) Purging libmd (1.2.0-r0)
#9 547.2 (22/24) Purging mpc1 (1.3.1-r1)
#9 547.2 (23/24) Purging mpfr4 (4.2.2-r0)
#9 547.2 (24/24) Purging gmp (6.3.0-r4)
#9 547.2 Executing busybox-1.37.0-r31.trigger
#9 547.2 OK: 432.8 MiB in 95 packages
#9 DONE 547.7s

#10 [stage-0  4/10] RUN apk add --no-cache --virtual .redis-build-deps autoconf 		dpkg-dev dpkg 		file 		g++ 		gcc 		libc-dev 		make 		pkgconf 		re2c     && pecl install redis-6.3.0     && docker-php-ext-enable redis     && apk del .redis-build-deps     && rm -rf /tmp/pear /var/cache/apk/*
#10 31.80 ( 1/24) Installing m4 (1.4.20-r1)
#10 36.70 ( 2/24) Installing perl (5.42.2-r1)
#10 161.6 ( 3/24) Installing autoconf (2.73-r0)
#10 167.6 ( 4/24) Installing dpkg-dev (1.23.7-r0)
#10 171.7 ( 5/24) Installing libmd (1.2.0-r0)
#10 172.2 ( 6/24) Installing dpkg (1.23.7-r0)
#10 178.5 ( 7/24) Installing libmagic (5.47-r2)
#10 183.4 ( 8/24) Installing file (5.47-r2)
#10 183.6 ( 9/24) Installing jansson (2.15.0-r0)
#10 184.3 (10/24) Installing binutils (2.45.1-r1)
#10 207.6 (11/24) Installing libgomp (15.2.0-r5)
#10 209.7 (12/24) Installing libatomic (15.2.0-r5)
#10 210.2 (13/24) Installing gmp (6.3.0-r4)
#10 213.2 (14/24) Installing isl26 (0.26-r2)
#10 220.0 (15/24) Installing mpfr4 (4.2.2-r0)
#10 222.3 (16/24) Installing mpc1 (1.3.1-r1)
#10 223.9 (17/24) Installing gcc (15.2.0-r5)
#10 628.3 (18/24) Installing g++ (15.2.0-r5)
#10 750.0 (19/24) Installing make (4.4.1-r4)
#10 751.1 (20/24) Installing re2c (4.5.1-r0)
#10 757.3 (21/24) Installing .redis-build-deps (20261001.173240)
#10 757.3 (22/24) Installing perl-error (0.17030-r0)
#10 757.5 (23/24) Installing perl-git (2.54.0-r0)
#10 758.0 (24/24) Installing git-perl (2.54.0-r0)
#10 758.3 Executing busybox-1.37.0-r31.trigger
#10 758.3 OK: 685.0 MiB in 119 packages
#10 765.3 downloading redis-6.3.0.tgz ...
#10 765.3 Starting to download redis-6.3.0.tgz (399,284 bytes)
#10 765.6 .......done: 399,284 bytes
#10 767.4 43 source files, building
#10 767.4 running: phpize
#10 767.4 Configuring for:
#10 767.4 PHP Version:             8.4
#10 767.4 PHP Api Version:         20240924
#10 767.4 Zend Module Api No:      20240924
#10 767.4 Zend Extension Api No:   420240924
#10 767.9 enable igbinary serializer support? [no] : enable lzf compression support? [no] : enable zstd compression support? [no] : enable msgpack serializer support? [no] : enable lz4 compression? [no] : use system liblz4? [yes] : building in /tmp/pear/temp/pear-build-defaultuser98h7rpb3fbsf0flIjIn/redis-6.3.0
#10 767.9 running: /tmp/pear/temp/redis/configure --with-php-config=/usr/local/bin/php-config --enable-redis-igbinary=no --enable-redis-lzf=no --enable-redis-zstd=no --enable-redis-msgpack=no --enable-redis-lz4=no --with-liblz4
#10 767.9 checking for grep that handles long lines and -e... /bin/grep
#10 768.0 checking for egrep... /bin/grep -E
#10 768.0 checking for a sed that does not truncate output... /bin/sed
#10 768.0 checking build system type... aarch64-unknown-linux-musl
#10 768.0 checking host system type... aarch64-unknown-linux-musl
#10 768.0 checking target system type... aarch64-unknown-linux-musl
#10 768.0 shtool:echo:Warning: unable to determine terminal sequence for bold mode
#10 768.0 shtool:echo:Warning: unable to determine terminal sequence for bold mode
#10 768.0 checking for gawk... no
#10 768.0 checking for nawk... no
#10 768.0 checking for awk... awk
#10 768.0 checking if awk is broken... no
#10 768.0 checking for pkg-config... /usr/bin/pkg-config
#10 768.0 checking pkg-config is at least version 0.9.0... yes
#10 768.0 checking for cc... cc
#10 768.1 checking whether the C compiler works... yes
#10 768.1 checking for C compiler default output file name... a.out
#10 768.1 checking for suffix of executables...
#10 768.1 checking whether we are cross compiling... no
#10 768.2 checking for suffix of object files... o
#10 768.2 checking whether the compiler supports GNU C... yes
#10 768.2 checking whether cc accepts -g... yes
#10 768.2 checking for cc option to enable C23 features... unsupported
#10 768.3 checking for cc option to enable C11 features... none needed
#10 768.3 checking how to run the C preprocessor... cc -E
#10 768.3 checking for egrep -e... (cached) /bin/grep -E
#10 768.3 checking for icc... no
#10 768.3 checking for suncc... no
#10 768.3 checking for system library directory... lib
#10 768.4 checking if compiler supports -Wl,-rpath,... yes
#10 768.4 checking for PHP prefix... /usr/local
#10 768.4 checking for PHP includes... -I/usr/local/include/php -I/usr/local/include/php/main -I/usr/local/include/php/TSRM -I/usr/local/include/php/Zend -I/usr/local/include/php/ext -I/usr/local/include/php/ext/date/lib
#10 768.4 checking for PHP extension directory... /usr/local/lib/php/extensions/no-debug-non-zts-20240924
#10 768.4 checking for PHP installed headers prefix... /usr/local/include/php
#10 768.4 checking if debugging is enabled... no
#10 768.4 checking if PHP is built with thread safety (ZTS)... no
#10 768.4 
#10 768.4 Configuring extension
#10 768.4 checking whether to enable redis support... yes, shared
#10 768.4 checking whether to enable sessions... yes
#10 768.4 checking whether to enable json serializer support... yes
#10 768.4 checking whether to enable igbinary serializer support... no
#10 768.4 checking whether to enable msgpack serializer support... no
#10 768.4 checking whether to enable lzf compression... no
#10 768.4 checking use system liblzf... no
#10 768.4 checking whether to enable Zstd compression... no
#10 768.4 checking use system libzstd... yes
#10 768.4 checking whether to enable lz4 compression... no
#10 768.4 checking use system liblz4... yes
#10 768.4 checking for hash includes... /usr/local/include/php
#10 768.4 checking for json includes... /usr/local/include/php
#10 768.4 checking for redis json support... enabled
#10 768.4 checking for redis igbinary support... disabled
#10 768.4 checking for pkg-config... /usr/bin/pkg-config
#10 768.4 checking for git... yes
#10 768.4 
#10 768.4 Configuring libtool
#10 768.4 checking for a sed that does not truncate output... /bin/sed
#10 768.4 checking for ld used by cc... /usr/aarch64-alpine-linux-musl/bin/ld
#10 768.4 checking if the linker (/usr/aarch64-alpine-linux-musl/bin/ld) is GNU ld... yes
#10 768.4 checking for /usr/aarch64-alpine-linux-musl/bin/ld option to reload object files... -r
#10 768.4 checking for BSD-compatible nm... /usr/bin/nm -B
#10 768.4 checking whether ln -s works... yes
#10 768.4 checking how to recognize dependent libraries... pass_all
#10 768.4 checking for stdio.h... yes
#10 768.4 checking for stdlib.h... yes
#10 768.5 checking for string.h... yes
#10 768.5 checking for inttypes.h... yes
#10 768.5 checking for stdint.h... yes
#10 768.5 checking for strings.h... yes
#10 768.5 checking for sys/stat.h... yes
#10 768.6 checking for sys/types.h... yes
#10 768.6 checking for unistd.h... yes
#10 768.6 checking for dlfcn.h... yes
#10 768.6 checking the maximum length of command line arguments... 98304
#10 768.7 checking command to parse /usr/bin/nm -B output from cc object... ok
#10 768.7 checking for objdir... .libs
#10 768.7 checking for ar... ar
#10 768.7 checking for ranlib... ranlib
#10 768.7 checking for strip... strip
#10 768.7 checking if cc supports -fno-rtti -fno-exceptions... no
#10 768.7 checking for cc option to produce PIC... -fPIC
#10 768.7 checking if cc PIC flag -fPIC works... yes
#10 768.7 checking if cc static flag -static works... yes
#10 768.8 checking if cc supports -c -o file.o... yes
#10 768.8 checking whether the cc linker (/usr/aarch64-alpine-linux-musl/bin/ld) supports shared libraries... yes
#10 768.8 checking whether -lc should be explicitly linked in... no
#10 768.8 checking dynamic linker characteristics... GNU/Linux ld.so
#10 768.8 checking how to hardcode library paths into programs... immediate
#10 768.8 checking whether stripping libraries is possible... yes
#10 768.8 checking if libtool supports shared libraries... yes
#10 768.8 checking whether to build shared libraries... yes
#10 768.8 checking whether to build static libraries... no
#10 768.9 
#10 768.9 creating libtool
#10 768.9 appending configuration tag "CXX" to libtool
#10 768.9 
#10 768.9 Generating files
#10 768.9 configure: creating build directories
#10 768.9 configure: creating Makefile
#10 768.9 configure: patching config.h.in
#10 768.9 configure: creating ./config.status
#10 768.9 config.status: creating config.h
#10 768.9 running: make
#10 768.9 /bin/sh /tmp/pear/temp/pear-build-defaultuser98h7rpb3fbsf0flIjIn/redis-6.3.0/libtool --tag=CC --mode=compile cc -I. -I/tmp/pear/temp/redis -I/usr/local/include/php -I/usr/local/include/php/main -I/usr/local/include/php/TSRM -I/usr/local/include/php/Zend -I/usr/local/include/php/ext -I/usr/local/include/php/ext/date/lib -I/usr/local/include/php/ext  -DHAVE_CONFIG_H  -g -O2 -D_GNU_SOURCE    -DZEND_COMPILE_DL_EXT=1 -c /tmp/pear/temp/redis/redis.c -o redis.lo  -MMD -MF redis.dep -MT redis.lo
#10 769.0 mkdir .libs
#10 769.0  cc -I. -I/tmp/pear/temp/redis -I/usr/local/include/php -I/usr/local/include/php/main -I/usr/local/include/php/TSRM -I/usr/local/include/php/Zend -I/usr/local/include/php/ext -I/usr/local/include/php/ext/date/lib -I/usr/local/include/php/ext -DHAVE_CONFIG_H -g -O2 -D_GNU_SOURCE -DZEND_COMPILE_DL_EXT=1 -c /tmp/pear/temp/redis/redis.c -MMD -MF redis.dep -MT redis.lo  -fPIC -DPIC -o .libs/redis.o
#10 770.3 /bin/sh /tmp/pear/temp/pear-build-defaultuser98h7rpb3fbsf0flIjIn/redis-6.3.0/libtool --tag=CC --mode=compile cc -I. -I/tmp/pear/temp/redis -I/usr/local/include/php -I/usr/local/include/php/main -I/usr/local/include/php/TSRM -I/usr/local/include/php/Zend -I/usr/local/include/php/ext -I/usr/local/include/php/ext/date/lib -I/usr/local/include/php/ext  -DHAVE_CONFIG_H  -g -O2 -D_GNU_SOURCE    -DZEND_COMPILE_DL_EXT=1 -c /tmp/pear/temp/redis/redis_commands.c -o redis_commands.lo  -MMD -MF redis_commands.dep -MT redis_commands.lo
#10 770.3  cc -I. -I/tmp/pear/temp/redis -I/usr/local/include/php -I/usr/local/include/php/main -I/usr/local/include/php/TSRM -I/usr/local/include/php/Zend -I/usr/local/include/php/ext -I/usr/local/include/php/ext/date/lib -I/usr/local/include/php/ext -DHAVE_CONFIG_H -g -O2 -D_GNU_SOURCE -DZEND_COMPILE_DL_EXT=1 -c /tmp/pear/temp/redis/redis_commands.c -MMD -MF redis_commands.dep -MT redis_commands.lo  -fPIC -DPIC -o .libs/redis_commands.o
#10 773.9 /bin/sh /tmp/pear/temp/pear-build-defaultuser98h7rpb3fbsf0flIjIn/redis-6.3.0/libtool --tag=CC --mode=compile cc -I. -I/tmp/pear/temp/redis -I/usr/local/include/php -I/usr/local/include/php/main -I/usr/local/include/php/TSRM -I/usr/local/include/php/Zend -I/usr/local/include/php/ext -I/usr/local/include/php/ext/date/lib -I/usr/local/include/php/ext  -DHAVE_CONFIG_H  -g -O2 -D_GNU_SOURCE    -DZEND_COMPILE_DL_EXT=1 -c /tmp/pear/temp/redis/library.c -o library.lo  -MMD -MF library.dep -MT library.lo
#10 773.9  cc -I. -I/tmp/pear/temp/redis -I/usr/local/include/php -I/usr/local/include/php/main -I/usr/local/include/php/TSRM -I/usr/local/include/php/Zend -I/usr/local/include/php/ext -I/usr/local/include/php/ext/date/lib -I/usr/local/include/php/ext -DHAVE_CONFIG_H -g -O2 -D_GNU_SOURCE -DZEND_COMPILE_DL_EXT=1 -c /tmp/pear/temp/redis/library.c -MMD -MF library.dep -MT library.lo  -fPIC -DPIC -o .libs/library.o
#10 776.2 /bin/sh /tmp/pear/temp/pear-build-defaultuser98h7rpb3fbsf0flIjIn/redis-6.3.0/libtool --tag=CC --mode=compile cc -I. -I/tmp/pear/temp/redis -I/usr/local/include/php -I/usr/local/include/php/main -I/usr/local/include/php/TSRM -I/usr/local/include/php/Zend -I/usr/local/include/php/ext -I/usr/local/include/php/ext/date/lib -I/usr/local/include/php/ext  -DHAVE_CONFIG_H  -g -O2 -D_GNU_SOURCE    -DZEND_COMPILE_DL_EXT=1 -c /tmp/pear/temp/redis/redis_session.c -o redis_session.lo  -MMD -MF redis_session.dep -MT redis_session.lo
#10 776.2  cc -I. -I/tmp/pear/temp/redis -I/usr/local/include/php -I/usr/local/include/php/main -I/usr/local/include/php/TSRM -I/usr/local/include/php/Zend -I/usr/local/include/php/ext -I/usr/local/include/php/ext/date/lib -I/usr/local/include/php/ext -DHAVE_CONFIG_H -g -O2 -D_GNU_SOURCE -DZEND_COMPILE_DL_EXT=1 -c /tmp/pear/temp/redis/redis_session.c -MMD -MF redis_session.dep -MT redis_session.lo  -fPIC -DPIC -o .libs/redis_session.o
#10 777.0 /bin/sh /tmp/pear/temp/pear-build-defaultuser98h7rpb3fbsf0flIjIn/redis-6.3.0/libtool --tag=CC --mode=compile cc -I. -I/tmp/pear/temp/redis -I/usr/local/include/php -I/usr/local/include/php/main -I/usr/local/include/php/TSRM -I/usr/local/include/php/Zend -I/usr/local/include/php/ext -I/usr/local/include/php/ext/date/lib -I/usr/local/include/php/ext  -DHAVE_CONFIG_H  -g -O2 -D_GNU_SOURCE    -DZEND_COMPILE_DL_EXT=1 -c /tmp/pear/temp/redis/redis_array.c -o redis_array.lo  -MMD -MF redis_array.dep -MT redis_array.lo
#10 777.1  cc -I. -I/tmp/pear/temp/redis -I/usr/local/include/php -I/usr/local/include/php/main -I/usr/local/include/php/TSRM -I/usr/local/include/php/Zend -I/usr/local/include/php/ext -I/usr/local/include/php/ext/date/lib -I/usr/local/include/php/ext -DHAVE_CONFIG_H -g -O2 -D_GNU_SOURCE -DZEND_COMPILE_DL_EXT=1 -c /tmp/pear/temp/redis/redis_array.c -MMD -MF redis_array.dep -MT redis_array.lo  -fPIC -DPIC -o .libs/redis_array.o
#10 778.2 /bin/sh /tmp/pear/temp/pear-build-defaultuser98h7rpb3fbsf0flIjIn/redis-6.3.0/libtool --tag=CC --mode=compile cc -I. -I/tmp/pear/temp/redis -I/usr/local/include/php -I/usr/local/include/php/main -I/usr/local/include/php/TSRM -I/usr/local/include/php/Zend -I/usr/local/include/php/ext -I/usr/local/include/php/ext/date/lib -I/usr/local/include/php/ext  -DHAVE_CONFIG_H  -g -O2 -D_GNU_SOURCE    -DZEND_COMPILE_DL_EXT=1 -c /tmp/pear/temp/redis/redis_array_impl.c -o redis_array_impl.lo  -MMD -MF redis_array_impl.dep -MT redis_array_impl.lo
#10 778.2  cc -I. -I/tmp/pear/temp/redis -I/usr/local/include/php -I/usr/local/include/php/main -I/usr/local/include/php/TSRM -I/usr/local/include/php/Zend -I/usr/local/include/php/ext -I/usr/local/include/php/ext/date/lib -I/usr/local/include/php/ext -DHAVE_CONFIG_H -g -O2 -D_GNU_SOURCE -DZEND_COMPILE_DL_EXT=1 -c /tmp/pear/temp/redis/redis_array_impl.c -MMD -MF redis_array_impl.dep -MT redis_array_impl.lo  -fPIC -DPIC -o .libs/redis_array_impl.o
#10 780.1 /bin/sh /tmp/pear/temp/pear-build-defaultuser98h7rpb3fbsf0flIjIn/redis-6.3.0/libtool --tag=CC --mode=compile cc -I. -I/tmp/pear/temp/redis -I/usr/local/include/php -I/usr/local/include/php/main -I/usr/local/include/php/TSRM -I/usr/local/include/php/Zend -I/usr/local/include/php/ext -I/usr/local/include/php/ext/date/lib -I/usr/local/include/php/ext  -DHAVE_CONFIG_H  -g -O2 -D_GNU_SOURCE    -DZEND_COMPILE_DL_EXT=1 -c /tmp/pear/temp/redis/redis_cluster.c -o redis_cluster.lo  -MMD -MF redis_cluster.dep -MT redis_cluster.lo
#10 780.1  cc -I. -I/tmp/pear/temp/redis -I/usr/local/include/php -I/usr/local/include/php/main -I/usr/local/include/php/TSRM -I/usr/local/include/php/Zend -I/usr/local/include/php/ext -I/usr/local/include/php/ext/date/lib -I/usr/local/include/php/ext -DHAVE_CONFIG_H -g -O2 -D_GNU_SOURCE -DZEND_COMPILE_DL_EXT=1 -c /tmp/pear/temp/redis/redis_cluster.c -MMD -MF redis_cluster.dep -MT redis_cluster.lo  -fPIC -DPIC -o .libs/redis_cluster.o
#10 781.8 /bin/sh /tmp/pear/temp/pear-build-defaultuser98h7rpb3fbsf0flIjIn/redis-6.3.0/libtool --tag=CC --mode=compile cc -I. -I/tmp/pear/temp/redis -I/usr/local/include/php -I/usr/local/include/php/main -I/usr/local/include/php/TSRM -I/usr/local/include/php/Zend -I/usr/local/include/php/ext -I/usr/local/include/php/ext/date/lib -I/usr/local/include/php/ext  -DHAVE_CONFIG_H  -g -O2 -D_GNU_SOURCE    -DZEND_COMPILE_DL_EXT=1 -c /tmp/pear/temp/redis/cluster_library.c -o cluster_library.lo  -MMD -MF cluster_library.dep -MT cluster_library.lo
#10 781.8  cc -I. -I/tmp/pear/temp/redis -I/usr/local/include/php -I/usr/local/include/php/main -I/usr/local/include/php/TSRM -I/usr/local/include/php/Zend -I/usr/local/include/php/ext -I/usr/local/include/php/ext/date/lib -I/usr/local/include/php/ext -DHAVE_CONFIG_H -g -O2 -D_GNU_SOURCE -DZEND_COMPILE_DL_EXT=1 -c /tmp/pear/temp/redis/cluster_library.c -MMD -MF cluster_library.dep -MT cluster_library.lo  -fPIC -DPIC -o .libs/cluster_library.o
#10 783.2 /bin/sh /tmp/pear/temp/pear-build-defaultuser98h7rpb3fbsf0flIjIn/redis-6.3.0/libtool --tag=CC --mode=compile cc -I. -I/tmp/pear/temp/redis -I/usr/local/include/php -I/usr/local/include/php/main -I/usr/local/include/php/TSRM -I/usr/local/include/php/Zend -I/usr/local/include/php/ext -I/usr/local/include/php/ext/date/lib -I/usr/local/include/php/ext  -DHAVE_CONFIG_H  -g -O2 -D_GNU_SOURCE    -DZEND_COMPILE_DL_EXT=1 -c /tmp/pear/temp/redis/redis_sentinel.c -o redis_sentinel.lo  -MMD -MF redis_sentinel.dep -MT redis_sentinel.lo
#10 783.3  cc -I. -I/tmp/pear/temp/redis -I/usr/local/include/php -I/usr/local/include/php/main -I/usr/local/include/php/TSRM -I/usr/local/include/php/Zend -I/usr/local/include/php/ext -I/usr/local/include/php/ext/date/lib -I/usr/local/include/php/ext -DHAVE_CONFIG_H -g -O2 -D_GNU_SOURCE -DZEND_COMPILE_DL_EXT=1 -c /tmp/pear/temp/redis/redis_sentinel.c -MMD -MF redis_sentinel.dep -MT redis_sentinel.lo  -fPIC -DPIC -o .libs/redis_sentinel.o
#10 783.6 /bin/sh /tmp/pear/temp/pear-build-defaultuser98h7rpb3fbsf0flIjIn/redis-6.3.0/libtool --tag=CC --mode=compile cc -I. -I/tmp/pear/temp/redis -I/usr/local/include/php -I/usr/local/include/php/main -I/usr/local/include/php/TSRM -I/usr/local/include/php/Zend -I/usr/local/include/php/ext -I/usr/local/include/php/ext/date/lib -I/usr/local/include/php/ext  -DHAVE_CONFIG_H  -g -O2 -D_GNU_SOURCE    -DZEND_COMPILE_DL_EXT=1 -c /tmp/pear/temp/redis/sentinel_library.c -o sentinel_library.lo  -MMD -MF sentinel_library.dep -MT sentinel_library.lo
#10 783.6  cc -I. -I/tmp/pear/temp/redis -I/usr/local/include/php -I/usr/local/include/php/main -I/usr/local/include/php/TSRM -I/usr/local/include/php/Zend -I/usr/local/include/php/ext -I/usr/local/include/php/ext/date/lib -I/usr/local/include/php/ext -DHAVE_CONFIG_H -g -O2 -D_GNU_SOURCE -DZEND_COMPILE_DL_EXT=1 -c /tmp/pear/temp/redis/sentinel_library.c -MMD -MF sentinel_library.dep -MT sentinel_library.lo  -fPIC -DPIC -o .libs/sentinel_library.o
#10 783.9 /bin/sh /tmp/pear/temp/pear-build-defaultuser98h7rpb3fbsf0flIjIn/redis-6.3.0/libtool --tag=CC --mode=compile cc -I. -I/tmp/pear/temp/redis -I/usr/local/include/php -I/usr/local/include/php/main -I/usr/local/include/php/TSRM -I/usr/local/include/php/Zend -I/usr/local/include/php/ext -I/usr/local/include/php/ext/date/lib -I/usr/local/include/php/ext  -DHAVE_CONFIG_H  -g -O2 -D_GNU_SOURCE    -DZEND_COMPILE_DL_EXT=1 -c /tmp/pear/temp/redis/backoff.c -o backoff.lo  -MMD -MF backoff.dep -MT backoff.lo
#10 783.9  cc -I. -I/tmp/pear/temp/redis -I/usr/local/include/php -I/usr/local/include/php/main -I/usr/local/include/php/TSRM -I/usr/local/include/php/Zend -I/usr/local/include/php/ext -I/usr/local/include/php/ext/date/lib -I/usr/local/include/php/ext -DHAVE_CONFIG_H -g -O2 -D_GNU_SOURCE -DZEND_COMPILE_DL_EXT=1 -c /tmp/pear/temp/redis/backoff.c -MMD -MF backoff.dep -MT backoff.lo  -fPIC -DPIC -o .libs/backoff.o
#10 784.2 /bin/sh /tmp/pear/temp/pear-build-defaultuser98h7rpb3fbsf0flIjIn/redis-6.3.0/libtool --tag=CC --mode=link cc -shared -I/usr/local/include/php -I/usr/local/include/php/main -I/usr/local/include/php/TSRM -I/usr/local/include/php/Zend -I/usr/local/include/php/ext -I/usr/local/include/php/ext/date/lib -I/usr/local/include/php/ext  -DHAVE_CONFIG_H  -g -O2 -D_GNU_SOURCE    -o redis.la -export-dynamic -avoid-version -prefer-pic -module -rpath /tmp/pear/temp/pear-build-defaultuser98h7rpb3fbsf0flIjIn/redis-6.3.0/modules  redis.lo redis_commands.lo library.lo redis_session.lo redis_array.lo redis_array_impl.lo redis_cluster.lo cluster_library.lo redis_sentinel.lo sentinel_library.lo backoff.lo
#10 784.3 cc -shared  .libs/redis.o .libs/redis_commands.o .libs/library.o .libs/redis_session.o .libs/redis_array.o .libs/redis_array_impl.o .libs/redis_cluster.o .libs/cluster_library.o .libs/redis_sentinel.o .libs/sentinel_library.o .libs/backoff.o   -Wl,-soname -Wl,redis.so -o .libs/redis.so
#10 784.3 creating redis.la
#10 784.3 (cd .libs && rm -f redis.la && ln -s ../redis.la redis.la)
#10 784.3 /bin/sh /tmp/pear/temp/pear-build-defaultuser98h7rpb3fbsf0flIjIn/redis-6.3.0/libtool --tag=CC --mode=install cp ./redis.la /tmp/pear/temp/pear-build-defaultuser98h7rpb3fbsf0flIjIn/redis-6.3.0/modules
#10 784.3 cp ./.libs/redis.so /tmp/pear/temp/pear-build-defaultuser98h7rpb3fbsf0flIjIn/redis-6.3.0/modules/redis.so
#10 784.3 cp ./.libs/redis.lai /tmp/pear/temp/pear-build-defaultuser98h7rpb3fbsf0flIjIn/redis-6.3.0/modules/redis.la
#10 784.3 PATH="$PATH:/sbin" ldconfig -n /tmp/pear/temp/pear-build-defaultuser98h7rpb3fbsf0flIjIn/redis-6.3.0/modules
#10 784.3 ----------------------------------------------------------------------
#10 784.3 Libraries have been installed in:
#10 784.3    /tmp/pear/temp/pear-build-defaultuser98h7rpb3fbsf0flIjIn/redis-6.3.0/modules
#10 784.3 
#10 784.3 If you ever happen to want to link against installed libraries
#10 784.3 in a given directory, LIBDIR, you must either use libtool, and
#10 784.3 specify the full pathname of the library, or use the `-LLIBDIR'
#10 784.3 flag during linking and do at least one of the following:
#10 784.3    - add LIBDIR to the `LD_LIBRARY_PATH' environment variable
#10 784.3      during execution
#10 784.3    - add LIBDIR to the `LD_RUN_PATH' environment variable
#10 784.3      during linking
#10 784.3    - use the `-Wl,--rpath -Wl,LIBDIR' linker flag
#10 784.3 
#10 784.3 See any operating system documentation about shared libraries for
#10 784.3 more information, such as the ld(1) and ld.so(8) manual pages.
#10 784.3 ----------------------------------------------------------------------
#10 784.3 
#10 784.3 Build complete.
#10 784.3 Don't forget to run 'make test'.
#10 784.3 
#10 784.3 running: make INSTALL_ROOT="/tmp/pear/temp/pear-build-defaultuser98h7rpb3fbsf0flIjIn/install-redis-6.3.0" install
#10 784.4 Installing shared extensions:     /tmp/pear/temp/pear-build-defaultuser98h7rpb3fbsf0flIjIn/install-redis-6.3.0/usr/local/lib/php/extensions/no-debug-non-zts-20240924/
#10 784.4 running: find "/tmp/pear/temp/pear-build-defaultuser98h7rpb3fbsf0flIjIn/install-redis-6.3.0" | xargs ls -dils
#10 784.4  414221      4 drwxr-xr-x    3 root     root          4096 Oct  1 17:45 /tmp/pear/temp/pear-build-defaultuser98h7rpb3fbsf0flIjIn/install-redis-6.3.0
#10 784.4  414272      4 drwxr-xr-x    3 root     root          4096 Oct  1 17:45 /tmp/pear/temp/pear-build-defaultuser98h7rpb3fbsf0flIjIn/install-redis-6.3.0/usr
#10 784.4  414273      4 drwxr-xr-x    3 root     root          4096 Oct  1 17:45 /tmp/pear/temp/pear-build-defaultuser98h7rpb3fbsf0flIjIn/install-redis-6.3.0/usr/local
#10 784.4  414274      4 drwxr-xr-x    3 root     root          4096 Oct  1 17:45 /tmp/pear/temp/pear-build-defaultuser98h7rpb3fbsf0flIjIn/install-redis-6.3.0/usr/local/lib
#10 784.4  414275      4 drwxr-xr-x    3 root     root          4096 Oct  1 17:45 /tmp/pear/temp/pear-build-defaultuser98h7rpb3fbsf0flIjIn/install-redis-6.3.0/usr/local/lib/php
#10 784.4  414276      4 drwxr-xr-x    3 root     root          4096 Oct  1 17:45 /tmp/pear/temp/pear-build-defaultuser98h7rpb3fbsf0flIjIn/install-redis-6.3.0/usr/local/lib/php/extensions
#10 784.4  414277      4 drwxr-xr-x    2 root     root          4096 Oct  1 17:45 /tmp/pear/temp/pear-build-defaultuser98h7rpb3fbsf0flIjIn/install-redis-6.3.0/usr/local/lib/php/extensions/no-debug-non-zts-20240924
#10 784.4  414271   2532 -rwxr-xr-x    1 root     root       2589768 Oct  1 17:45 /tmp/pear/temp/pear-build-defaultuser98h7rpb3fbsf0flIjIn/install-redis-6.3.0/usr/local/lib/php/extensions/no-debug-non-zts-20240924/redis.so
#10 784.4 
#10 784.4 Build process completed successfully
#10 784.4 Installing '/usr/local/lib/php/extensions/no-debug-non-zts-20240924/redis.so'
#10 784.4 install ok: channel://pecl.php.net/redis-6.3.0
#10 784.4 configuration option "php_ini" is not set to php.ini location
#10 784.4 You should add "extension=redis.so" to php.ini
#10 792.9 (1/1) Installing .docker-php-ext-enable-deps (20261001.174521)
#10 792.9 OK: 685.0 MiB in 120 packages
#10 792.9 WARNING: opening from cache https://dl-cdn.alpinelinux.org/alpine/v3.24/main/aarch64/APKINDEX.tar.gz: No such file or directory
#10 792.9 WARNING: opening from cache https://dl-cdn.alpinelinux.org/alpine/v3.24/community/aarch64/APKINDEX.tar.gz: No such file or directory
#10 792.9 (1/1) Purging .docker-php-ext-enable-deps (20261001.174521)
#10 792.9 OK: 685.0 MiB in 119 packages
#10 801.8 ( 1/24) Purging .redis-build-deps (20261001.173240)
#10 801.8 ( 2/24) Purging autoconf (2.73-r0)
#10 801.8 ( 3/24) Purging m4 (1.4.20-r1)
#10 801.8 ( 4/24) Purging dpkg-dev (1.23.7-r0)
#10 801.8 ( 5/24) Purging dpkg (1.23.7-r0)
#10 801.8 ( 6/24) Purging file (5.47-r2)
#10 801.8 ( 7/24) Purging g++ (15.2.0-r5)
#10 801.8 ( 8/24) Purging gcc (15.2.0-r5)
#10 801.8 ( 9/24) Purging binutils (2.45.1-r1)
#10 801.8 (10/24) Purging libatomic (15.2.0-r5)
#10 801.8 (11/24) Purging libgomp (15.2.0-r5)
#10 801.8 (12/24) Purging make (4.4.1-r4)
#10 801.8 (13/24) Purging re2c (4.5.1-r0)
#10 801.8 (14/24) Purging git-perl (2.54.0-r0)
#10 801.8 (15/24) Purging perl-git (2.54.0-r0)
#10 801.8 (16/24) Purging perl-error (0.17030-r0)
#10 801.8 (17/24) Purging perl (5.42.2-r1)
#10 801.9 (18/24) Purging isl26 (0.26-r2)
#10 801.9 (19/24) Purging jansson (2.15.0-r0)
#10 801.9 (20/24) Purging libmagic (5.47-r2)
#10 801.9 (21/24) Purging libmd (1.2.0-r0)
#10 801.9 (22/24) Purging mpc1 (1.3.1-r1)
#10 801.9 (23/24) Purging mpfr4 (4.2.2-r0)
#10 801.9 (24/24) Purging gmp (6.3.0-r4)
#10 801.9 Executing busybox-1.37.0-r31.trigger
#10 801.9 OK: 432.8 MiB in 95 packages
#10 DONE 801.9s

#11 [stage-0  5/10] COPY --from=composer:2 /usr/bin/composer /usr/local/bin/composer
#11 DONE 0.1s

#12 [internal] load .dockerignore
#12 transferring context: 329B done
#12 DONE 0.0s

#13 [internal] load build context
#13 transferring context: 5.40MB 0.2s done
#13 DONE 0.2s

#14 [stage-0  6/10] COPY docker/php/conf.d/testocms.ini /usr/local/etc/php/conf.d/99-testocms.ini
#14 DONE 0.0s

#15 [stage-0  7/10] COPY docker/entrypoint.sh /usr/local/bin/entrypoint.sh
#15 DONE 0.0s

#16 [stage-0  8/10] RUN chmod +x /usr/local/bin/entrypoint.sh
#16 DONE 0.1s

#17 [stage-0  8/10] RUN chmod +x /usr/local/bin/entrypoint.sh
#17 CACHED

#18 [stage-0  6/10] COPY docker/php/conf.d/testocms.ini /usr/local/etc/php/conf.d/99-testocms.ini
#18 CACHED

#19 [stage-0  7/10] COPY docker/entrypoint.sh /usr/local/bin/entrypoint.sh
#19 CACHED

#20 [stage-0  9/10] COPY . /var/www/html
#20 DONE 0.1s

#21 [stage-0 10/10] RUN mkdir -p storage/app/private storage/app/public storage/app/purifier         storage/framework/cache storage/framework/sessions storage/framework/views bootstrap/cache     && composer install --no-dev --no-interaction --prefer-dist --no-progress --optimize-autoloader     && chown -R www-data:www-data storage bootstrap/cache
#21 0.262 Installing dependencies from lock file
#21 0.265 Verifying lock file contents can be installed on current platform.
#21 2.059 Package operations: 88 installs, 0 updates, 0 removals
#21 2.061   - Downloading composer/semver (3.5.0)
#21 2.061   - Downloading doctrine/inflector (2.1.0)
#21 2.063   - Downloading doctrine/lexer (3.0.1)
#21 2.063   - Downloading dragonmantank/cron-expression (v3.6.0)
#21 2.063   - Downloading ezyang/htmlpurifier (v4.19.0)
#21 2.063   - Downloading symfony/polyfill-mbstring (v1.38.2)
#21 2.063   - Downloading symfony/deprecation-contracts (v3.7.0)
#21 2.063   - Downloading symfony/http-foundation (v7.4.13)
#21 2.063   - Downloading fruitcake/php-cors (v1.4.0)
#21 2.063   - Downloading symfony/polyfill-php80 (v1.37.0)
#21 2.063   - Downloading psr/http-message (2.0)
#21 2.063   - Downloading psr/http-client (1.0.3)
#21 2.063   - Downloading ralouphie/getallheaders (3.0.3)
#21 2.064   - Downloading psr/http-factory (1.1.0)
#21 2.064   - Downloading guzzlehttp/psr7 (2.12.1)
#21 2.065   - Downloading guzzlehttp/promises (2.5.0)
#21 2.065   - Downloading guzzlehttp/guzzle (7.12.1)
#21 2.065   - Downloading guzzlehttp/uri-template (v1.0.7)
#21 2.065   - Downloading symfony/polyfill-intl-normalizer (v1.38.0)
#21 2.065   - Downloading symfony/polyfill-intl-grapheme (v1.38.1)
#21 2.065   - Downloading symfony/polyfill-ctype (v1.37.0)
#21 2.065   - Downloading symfony/string (v7.4.13)
#21 2.065   - Downloading psr/container (2.0.2)
#21 2.066   - Downloading symfony/service-contracts (v3.7.0)
#21 2.066   - Downloading symfony/console (v7.4.13)
#21 2.066   - Downloading laravel/prompts (v0.3.18)
#21 2.066   - Downloading voku/portable-ascii (2.1.1)
#21 2.066   - Downloading phpoption/phpoption (1.9.5)
#21 2.067   - Downloading graham-campbell/result-type (v1.1.4)
#21 2.067   - Downloading vlucas/phpdotenv (v5.6.3)
#21 2.067   - Downloading symfony/css-selector (v7.4.9)
#21 2.067   - Downloading tijsverkoyen/css-to-inline-styles (v2.4.0)
#21 2.068   - Downloading symfony/var-dumper (v7.4.8)
#21 2.068   - Downloading symfony/polyfill-uuid (v1.37.0)
#21 2.068   - Downloading symfony/uid (v7.4.9)
#21 2.068   - Downloading symfony/routing (v7.4.13)
#21 2.068   - Downloading symfony/process (v7.4.13)
#21 2.068   - Downloading symfony/polyfill-php85 (v1.38.1)
#21 2.068   - Downloading symfony/polyfill-php84 (v1.38.1)
#21 2.069   - Downloading symfony/polyfill-php83 (v1.38.2)
#21 2.069   - Downloading symfony/polyfill-intl-idn (v1.38.1)
#21 2.069   - Downloading symfony/mime (v7.4.13)
#21 2.069   - Downloading psr/event-dispatcher (1.0.0)
#21 2.069   - Downloading symfony/event-dispatcher-contracts (v3.7.0)
#21 2.069   - Downloading symfony/event-dispatcher (v7.4.9)
#21 2.069   - Downloading psr/log (3.0.2)
#21 2.070   - Downloading egulias/email-validator (4.0.4)
#21 2.070   - Downloading symfony/mailer (v7.4.12)
#21 2.070   - Downloading symfony/error-handler (v7.4.8)
#21 2.070   - Downloading symfony/http-kernel (v7.4.13)
#21 2.070   - Downloading symfony/finder (v7.4.8)
#21 2.070   - Downloading ramsey/collection (2.1.1)
#21 2.070   - Downloading brick/math (0.14.8)
#21 2.070   - Downloading ramsey/uuid (4.9.3)
#21 2.071   - Downloading psr/simple-cache (3.0.0)
#21 2.071   - Downloading nunomaduro/termwind (v2.4.0)
#21 2.071   - Downloading symfony/translation-contracts (v3.7.0)
#21 2.071   - Downloading symfony/translation (v7.4.10)
#21 2.071   - Downloading psr/clock (1.0.0)
#21 2.071   - Downloading symfony/clock (v7.4.8)
#21 2.071   - Downloading carbonphp/carbon-doctrine-types (3.2.0)
#21 2.071   - Downloading nesbot/carbon (3.13.0)
#21 2.072   - Downloading monolog/monolog (3.10.0)
#21 2.072   - Downloading league/uri-interfaces (7.8.1)
#21 2.072   - Downloading league/uri (7.8.1)
#21 2.072   - Downloading league/mime-type-detection (1.16.0)
#21 2.072   - Downloading league/flysystem-local (3.31.0)
#21 2.072   - Downloading league/flysystem (3.34.0)
#21 2.073   - Downloading nette/utils (v4.1.4)
#21 2.073   - Downloading nette/schema (v1.3.5)
#21 2.073   - Downloading dflydev/dot-access-data (v3.0.3)
#21 2.073   - Downloading league/config (v1.2.0)
#21 2.073   - Downloading league/commonmark (2.8.2)
#21 2.074   - Downloading laravel/serializable-closure (v2.0.13)
#21 2.074   - Downloading laravel/framework (v12.62.0)
#21 2.074   - Downloading laravel/sanctum (v4.3.2)
#21 2.074   - Downloading nikic/php-parser (v5.7.0)
#21 2.074   - Downloading psy/psysh (v0.12.23)
#21 2.074   - Downloading laravel/tinker (v2.11.1)
#21 2.074   - Downloading opis/string (2.1.0)
#21 2.075   - Downloading opis/uri (1.1.0)
#21 2.075   - Downloading opis/json-schema (2.6.0)
#21 2.076   - Downloading spatie/laravel-permission (6.25.0)
#21 2.076   - Downloading symfony/type-info (v7.4.9)
#21 2.076   - Downloading symfony/yaml (v7.4.13)
#21 2.076   - Downloading phpstan/phpdoc-parser (2.3.2)
#21 2.076   - Downloading radebatz/type-info-extras (1.0.7)
#21 2.076   - Downloading zircote/swagger-php (6.2.0)
#21 35.25   - Installing composer/semver (3.5.0): Extracting archive
#21 35.25   - Installing doctrine/inflector (2.1.0): Extracting archive
#21 35.25   - Installing doctrine/lexer (3.0.1): Extracting archive
#21 35.25   - Installing dragonmantank/cron-expression (v3.6.0): Extracting archive
#21 35.25   - Installing ezyang/htmlpurifier (v4.19.0): Extracting archive
#21 35.25   - Installing symfony/polyfill-mbstring (v1.38.2): Extracting archive
#21 35.25   - Installing symfony/deprecation-contracts (v3.7.0): Extracting archive
#21 35.26   - Installing symfony/http-foundation (v7.4.13): Extracting archive
#21 35.26   - Installing fruitcake/php-cors (v1.4.0): Extracting archive
#21 35.26   - Installing symfony/polyfill-php80 (v1.37.0): Extracting archive
#21 35.27   - Installing psr/http-message (2.0): Extracting archive
#21 35.27   - Installing psr/http-client (1.0.3): Extracting archive
#21 35.27   - Installing ralouphie/getallheaders (3.0.3): Extracting archive
#21 35.27   - Installing psr/http-factory (1.1.0): Extracting archive
#21 35.27   - Installing guzzlehttp/psr7 (2.12.1): Extracting archive
#21 35.27   - Installing guzzlehttp/promises (2.5.0): Extracting archive
#21 35.27   - Installing guzzlehttp/guzzle (7.12.1): Extracting archive
#21 35.27   - Installing guzzlehttp/uri-template (v1.0.7): Extracting archive
#21 35.27   - Installing symfony/polyfill-intl-normalizer (v1.38.0): Extracting archive
#21 35.27   - Installing symfony/polyfill-intl-grapheme (v1.38.1): Extracting archive
#21 35.28   - Installing symfony/polyfill-ctype (v1.37.0): Extracting archive
#21 35.28   - Installing symfony/string (v7.4.13): Extracting archive
#21 35.28   - Installing psr/container (2.0.2): Extracting archive
#21 35.28   - Installing symfony/service-contracts (v3.7.0): Extracting archive
#21 35.28   - Installing symfony/console (v7.4.13): Extracting archive
#21 35.28   - Installing laravel/prompts (v0.3.18): Extracting archive
#21 35.28   - Installing voku/portable-ascii (2.1.1): Extracting archive
#21 35.28   - Installing phpoption/phpoption (1.9.5): Extracting archive
#21 35.28   - Installing graham-campbell/result-type (v1.1.4): Extracting archive
#21 35.28   - Installing vlucas/phpdotenv (v5.6.3): Extracting archive
#21 35.28   - Installing symfony/css-selector (v7.4.9): Extracting archive
#21 35.28   - Installing tijsverkoyen/css-to-inline-styles (v2.4.0): Extracting archive
#21 35.28   - Installing symfony/var-dumper (v7.4.8): Extracting archive
#21 35.28   - Installing symfony/polyfill-uuid (v1.37.0): Extracting archive
#21 35.28   - Installing symfony/uid (v7.4.9): Extracting archive
#21 35.28   - Installing symfony/routing (v7.4.13): Extracting archive
#21 35.28   - Installing symfony/process (v7.4.13): Extracting archive
#21 35.28   - Installing symfony/polyfill-php85 (v1.38.1): Extracting archive
#21 35.28   - Installing symfony/polyfill-php84 (v1.38.1): Extracting archive
#21 35.28   - Installing symfony/polyfill-php83 (v1.38.2): Extracting archive
#21 35.28   - Installing symfony/polyfill-intl-idn (v1.38.1): Extracting archive
#21 35.28   - Installing symfony/mime (v7.4.13): Extracting archive
#21 35.28   - Installing psr/event-dispatcher (1.0.0): Extracting archive
#21 35.28   - Installing symfony/event-dispatcher-contracts (v3.7.0): Extracting archive
#21 35.28   - Installing symfony/event-dispatcher (v7.4.9): Extracting archive
#21 35.28   - Installing psr/log (3.0.2): Extracting archive
#21 35.28   - Installing egulias/email-validator (4.0.4): Extracting archive
#21 35.28   - Installing symfony/mailer (v7.4.12): Extracting archive
#21 35.28   - Installing symfony/error-handler (v7.4.8): Extracting archive
#21 35.28   - Installing symfony/http-kernel (v7.4.13): Extracting archive
#21 35.28   - Installing symfony/finder (v7.4.8): Extracting archive
#21 35.28   - Installing ramsey/collection (2.1.1): Extracting archive
#21 35.28   - Installing brick/math (0.14.8): Extracting archive
#21 35.28   - Installing ramsey/uuid (4.9.3): Extracting archive
#21 35.28   - Installing psr/simple-cache (3.0.0): Extracting archive
#21 35.28   - Installing nunomaduro/termwind (v2.4.0): Extracting archive
#21 35.28   - Installing symfony/translation-contracts (v3.7.0): Extracting archive
#21 35.28   - Installing symfony/translation (v7.4.10): Extracting archive
#21 35.28   - Installing psr/clock (1.0.0): Extracting archive
#21 35.28   - Installing symfony/clock (v7.4.8): Extracting archive
#21 35.28   - Installing carbonphp/carbon-doctrine-types (3.2.0): Extracting archive
#21 35.28   - Installing nesbot/carbon (3.13.0): Extracting archive
#21 35.28   - Installing monolog/monolog (3.10.0): Extracting archive
#21 35.28   - Installing league/uri-interfaces (7.8.1): Extracting archive
#21 35.28   - Installing league/uri (7.8.1): Extracting archive
#21 35.29   - Installing league/mime-type-detection (1.16.0): Extracting archive
#21 35.29   - Installing league/flysystem-local (3.31.0): Extracting archive
#21 35.29   - Installing league/flysystem (3.34.0): Extracting archive
#21 35.29   - Installing nette/utils (v4.1.4): Extracting archive
#21 35.29   - Installing nette/schema (v1.3.5): Extracting archive
#21 35.29   - Installing dflydev/dot-access-data (v3.0.3): Extracting archive
#21 35.29   - Installing league/config (v1.2.0): Extracting archive
#21 35.29   - Installing league/commonmark (2.8.2): Extracting archive
#21 35.29   - Installing laravel/serializable-closure (v2.0.13): Extracting archive
#21 35.29   - Installing laravel/framework (v12.62.0): Extracting archive
#21 35.29   - Installing laravel/sanctum (v4.3.2): Extracting archive
#21 35.29   - Installing nikic/php-parser (v5.7.0): Extracting archive
#21 35.29   - Installing psy/psysh (v0.12.23): Extracting archive
#21 35.29   - Installing laravel/tinker (v2.11.1): Extracting archive
#21 35.29   - Installing opis/string (2.1.0): Extracting archive
#21 35.29   - Installing opis/uri (1.1.0): Extracting archive
#21 35.29   - Installing opis/json-schema (2.6.0): Extracting archive
#21 35.29   - Installing spatie/laravel-permission (6.25.0): Extracting archive
#21 35.29   - Installing symfony/type-info (v7.4.9): Extracting archive
#21 35.29   - Installing symfony/yaml (v7.4.13): Extracting archive
#21 35.29   - Installing phpstan/phpdoc-parser (2.3.2): Extracting archive
#21 35.29   - Installing radebatz/type-info-extras (1.0.7): Extracting archive
#21 35.29   - Installing zircote/swagger-php (6.2.0): Extracting archive
#21 38.06 Generating optimized autoload files
#21 38.62 > Illuminate\Foundation\ComposerScripts::postAutoloadDump
#21 38.64 > @php artisan package:discover --ansi
#21 38.85 
#21 38.85   [37;44m INFO [39;49m Discovering packages.  
#21 38.85 
#21 38.85   laravel/sanctum [90m.[39m[90m.[39m[90m.[39m[90m.[39m[90m.[39m[90m.[39m[90m.[39m[90m.[39m[90m.[39m[90m.[39m[90m.[39m[90m.[39m[90m.[39m[90m.[39m[90m.[39m[90m.[39m[90m.[39m[90m.[39m[90m.[39m[90m.[39m[90m.[39m[90m.[39m[90m.[39m[90m.[39m[90m.[39m[90m.[39m[90m.[39m[90m.[39m[90m.[39m[90m.[39m[90m.[39m[90m.[39m[90m.[39m[90m.[39m[90m.[39m[90m.[39m[90m.[39m[90m.[39m[90m.[39m[90m.[39m[90m.[39m[90m.[39m[90m.[39m[90m.[39m[90m.[39m[90m.[39m[90m.[39m[90m.[39m[90m.[39m[90m.[39m[90m.[39m[90m.[39m[90m.[39m[90m.[39m[90m.[39m [32;1mDONE[39;22m
#21 38.85   laravel/tinker [90m.[39m[90m.[39m[90m.[39m[90m.[39m[90m.[39m[90m.[39m[90m.[39m[90m.[39m[90m.[39m[90m.[39m[90m.[39m[90m.[39m[90m.[39m[90m.[39m[90m.[39m[90m.[39m[90m.[39m[90m.[39m[90m.[39m[90m.[39m[90m.[39m[90m.[39m[90m.[39m[90m.[39m[90m.[39m[90m.[39m[90m.[39m[90m.[39m[90m.[39m[90m.[39m[90m.[39m[90m.[39m[90m.[39m[90m.[39m[90m.[39m[90m.[39m[90m.[39m[90m.[39m[90m.[39m[90m.[39m[90m.[39m[90m.[39m[90m.[39m[90m.[39m[90m.[39m[90m.[39m[90m.[39m[90m.[39m[90m.[39m[90m.[39m[90m.[39m[90m.[39m[90m.[39m[90m.[39m[90m.[39m[90m.[39m [32;1mDONE[39;22m
#21 38.85   nesbot/carbon [90m.[39m[90m.[39m[90m.[39m[90m.[39m[90m.[39m[90m.[39m[90m.[39m[90m.[39m[90m.[39m[90m.[39m[90m.[39m[90m.[39m[90m.[39m[90m.[39m[90m.[39m[90m.[39m[90m.[39m[90m.[39m[90m.[39m[90m.[39m[90m.[39m[90m.[39m[90m.[39m[90m.[39m[90m.[39m[90m.[39m[90m.[39m[90m.[39m[90m.[39m[90m.[39m[90m.[39m[90m.[39m[90m.[39m[90m.[39m[90m.[39m[90m.[39m[90m.[39m[90m.[39m[90m.[39m[90m.[39m[90m.[39m[90m.[39m[90m.[39m[90m.[39m[90m.[39m[90m.[39m[90m.[39m[90m.[39m[90m.[39m[90m.[39m[90m.[39m[90m.[39m[90m.[39m[90m.[39m[90m.[39m[90m.[39m[90m.[39m [32;1mDONE[39;22m
#21 38.85   nunomaduro/termwind [90m.[39m[90m.[39m[90m.[39m[90m.[39m[90m.[39m[90m.[39m[90m.[39m[90m.[39m[90m.[39m[90m.[39m[90m.[39m[90m.[39m[90m.[39m[90m.[39m[90m.[39m[90m.[39m[90m.[39m[90m.[39m[90m.[39m[90m.[39m[90m.[39m[90m.[39m[90m.[39m[90m.[39m[90m.[39m[90m.[39m[90m.[39m[90m.[39m[90m.[39m[90m.[39m[90m.[39m[90m.[39m[90m.[39m[90m.[39m[90m.[39m[90m.[39m[90m.[39m[90m.[39m[90m.[39m[90m.[39m[90m.[39m[90m.[39m[90m.[39m[90m.[39m[90m.[39m[90m.[39m[90m.[39m[90m.[39m[90m.[39m[90m.[39m[90m.[39m [32;1mDONE[39;22m
#21 38.85   spatie/laravel-permission [90m.[39m[90m.[39m[90m.[39m[90m.[39m[90m.[39m[90m.[39m[90m.[39m[90m.[39m[90m.[39m[90m.[39m[90m.[39m[90m.[39m[90m.[39m[90m.[39m[90m.[39m[90m.[39m[90m.[39m[90m.[39m[90m.[39m[90m.[39m[90m.[39m[90m.[39m[90m.[39m[90m.[39m[90m.[39m[90m.[39m[90m.[39m[90m.[39m[90m.[39m[90m.[39m[90m.[39m[90m.[39m[90m.[39m[90m.[39m[90m.[39m[90m.[39m[90m.[39m[90m.[39m[90m.[39m[90m.[39m[90m.[39m[90m.[39m[90m.[39m[90m.[39m[90m.[39m [32;1mDONE[39;22m
#21 38.85 
#21 38.86 58 packages you are using are looking for funding.
#21 38.86 Use the `composer fund` command to find out more!
#21 DONE 39.0s

#22 exporting to image
#22 exporting layers
#22 exporting layers 1.2s done
#22 exporting manifest sha256:d9be15342bf34f06442ad8e1902de1d839de75c4a763afc3ead57ca5560aabd0 done
#22 exporting config sha256:46958858180249aa2430e56c748dca3a9e77ae7a42db080e919d7dc849e6f2b7 done
#22 exporting attestation manifest sha256:64c3e8a758cc7fde75b7dfd3fd9f2904af0ca6b1650012a1605bfc94cf9db034 0.0s done
#22 exporting manifest list sha256:4d5c2e9c3766a76f183d7605202fb8379b2bb07ddc2efecd904716950be9a720 0.0s done
#22 naming to docker.io/library/testocms-p2-production:verify done
#22 unpacking to docker.io/library/testocms-p2-production:verify
#22 unpacking to docker.io/library/testocms-p2-production:verify 0.8s done
#22 DONE 2.2s
